ID,name,2018-11-16,2018-11-17,2018-11-21,2018-11-22,2018-11-23,2018-11-24,2018-11-25,2018-11-26,2018-11-27,2018-11-28,2018-11-29,2018-11-30,2018-12-01,2018-12-02,2018-12-03,2018-12-04,2018-12-05,2018-12-06,2018-12-07
52301ea4fcfff256c6001dd8,基础营销,2018-11-16,2018-11-17,2018-11-21,2018-11-22,2018-11-23,2018-11-24,2018-11-25,2018-11-26,2018-11-27,2018-11-28,2018-11-29,2018-11-30,2018-12-01,2018-12-02,2018-12-03,2018-12-04,2018-12-05,2018-12-06,2018-12-07
5106601bfcfff29c2700095f,电视迷,2018-11-16,2018-11-17,2018-11-21,2018-11-22,2018-11-23,2018-11-24,2018-11-25,2018-11-26,2018-11-27,2018-11-28,2018-11-29,2018-11-30,2018-12-01,2018-12-02,2018-12-03,2018-12-04,2018-12-05,2018-12-06,2018-12-07
51f9f88cfcfff2ea360000b7,电子游戏,2018-11-16,2018-11-17,2018-11-21,2018-11-22,2018-11-23,2018-11-24,2018-11-25,2018-11-26,2018-11-27,2018-11-28,2018-11-29,2018-11-30,2018-12-01,2018-12-02,2018-12-03,2018-12-04,2018-12-05,2018-12-06,2018-12-07
524b9b0cfcfff28d4d004e62,地道地打招呼,2018-11-16,2018-11-17,2018-11-21,2018-11-22,2018-11-23,2018-11-24,2018-11-25,2018-11-26,2018-11-27,2018-11-28,2018-11-29,2018-11-30,2018-12-01,2018-12-02,2018-12-03,2018-12-04,2018-12-05,2018-12-06,2018-12-07
52ca90cdfcfff2893600164d,创业,2018-11-16,2018-11-17,2018-11-21,2018-11-22,2018-11-23,2018-11-24,2018-11-25,2018-11-26,2018-11-27,2018-11-28,2018-11-29,2018-11-30,2018-12-01,2018-12-02,2018-12-03,2018-12-04,2018-12-05,2018-12-06,2018-12-07
523810c0fcfff22061001c6a,最爱的音乐,2018-11-16,2018-11-17,2018-11-21,2018-11-22,2018-11-23,2018-11-24,2018-11-25,2018-11-26,2018-11-27,2018-11-28,2018-11-29,2018-11-30,2018-12-01,2018-12-02,2018-12-03,2018-12-04,2018-12-05,2018-12-06,2018-12-07
546b3334636d736efc0b0000,考研英语小作文,2018-11-16,2018-11-17,2018-11-21,2018-11-22,2018-11-23,2018-11-24,2018-11-25,2018-11-26,2018-11-27,2018-11-28,2018-11-29,2018-11-30,2018-12-01,2018-12-02,2018-12-03,2018-12-04,2018-12-05,2018-12-06,2018-12-07
53e8b1b4fcfff294b2000079,超级英雄攻略(二),2018-11-16,2018-11-17,2018-11-21,2018-11-22,2018-11-23,2018-11-24,2018-11-25,2018-11-26,2018-11-27,2018-11-28,2018-11-29,2018-11-30,2018-12-01,2018-12-02,2018-12-03,2018-12-04,2018-12-05,2018-12-06,2018-12-07
529e0ba6fcfff2032d00087c,谈判的基本技巧,2018-11-16,2018-11-17,2018-11-21,2018-11-22,2018-11-23,2018-11-24,2018-11-25,2018-11-26,2018-11-27,2018-11-28,2018-11-29,2018-11-30,2018-12-01,2018-12-02,2018-12-03,2018-12-04,2018-12-05,2018-12-06,2018-12-07
525f8a2dfcfff2810c005b19,国际营销与商务,2018-11-16,2018-11-17,2018-11-21,2018-11-22,2018-11-23,2018-11-24,2018-11-25,2018-11-26,2018-11-27,2018-11-28,2018-11-29,2018-11-30,2018-12-01,2018-12-02,2018-12-03,2018-12-04,2018-12-05,2018-12-06,2018-12-07
52d5f7e5fcfff2f6820001ae,世界著名的城市,2018-11-16,2018-11-17,2018-11-21,2018-11-22,2018-11-23,2018-11-24,2018-11-25,2018-11-26,2018-11-27,2018-11-28,2018-11-29,2018-11-30,2018-12-01,2018-12-02,2018-12-03,2018-12-04,2018-12-05,2018-12-06,2018-12-07
537da3e8fcfff2b8f302346d,路在何方？问我呀！,2018-11-16,2018-11-17,2018-11-21,2018-11-22,2018-11-23,2018-11-24,2018-11-25,2018-11-26,2018-11-27,2018-11-28,2018-11-29,2018-11-30,2018-12-01,2018-12-02,2018-12-03,2018-12-04,2018-12-05,2018-12-06,2018-12-07
51b08e02fcfff22dbd001231,宠物情缘,2018-11-16,2018-11-17,2018-11-21,2018-11-22,2018-11-23,2018-11-24,2018-11-25,2018-11-26,2018-11-27,2018-11-28,2018-11-29,2018-11-30,2018-12-01,2018-12-02,2018-12-03,2018-12-04,2018-12-05,2018-12-06,2018-12-07
53a94fb6fcfff2a2a700c068,大腕们的代表影片,2018-11-16,2018-11-17,2018-11-21,2018-11-22,2018-11-23,2018-11-24,2018-11-25,2018-11-26,2018-11-27,2018-11-28,2018-11-29,2018-11-30,2018-12-01,2018-12-02,2018-12-03,2018-12-04,2018-12-05,2018-12-06,2018-12-07
52da745ffcfff2468b007cf7,喜欢做的事,2018-11-16,2018-11-17,2018-11-21,2018-11-22,2018-11-23,2018-11-24,2018-11-25,2018-11-26,2018-11-27,2018-11-28,2018-11-29,2018-11-30,2018-12-01,2018-12-02,2018-12-03,2018-12-04,2018-12-05,2018-12-06,2018-12-07
52d7705efcfff221d9001a02,让你英语更动听,2018-11-16,2018-11-17,2018-11-21,2018-11-22,2018-11-23,2018-11-24,2018-11-25,2018-11-26,2018-11-27,2018-11-28,2018-11-29,2018-11-30,2018-12-01,2018-12-02,2018-12-03,2018-12-04,2018-12-05,2018-12-06,2018-12-07
52d77393fcfff26f720011e4,加州假期,2018-11-16,2018-11-17,2018-11-21,2018-11-22,2018-11-23,2018-11-24,2018-11-25,2018-11-26,2018-11-27,2018-11-28,2018-11-29,2018-11-30,2018-12-01,2018-12-02,2018-12-03,2018-12-04,2018-12-05,2018-12-06,2018-12-07
538c3e87fcfff27a5b049875,著名国家的首都,2018-11-16,2018-11-17,2018-11-21,2018-11-22,2018-11-23,2018-11-24,2018-11-25,2018-11-26,2018-11-27,2018-11-28,2018-11-29,2018-11-30,2018-12-01,2018-12-02,2018-12-03,2018-12-04,2018-12-05,2018-12-06,2018-12-07
51f21081fcfff2c9960007ee,先掌握情绪再哄女友,2018-11-16,2018-11-17,2018-11-21,2018-11-22,2018-11-23,2018-11-24,2018-11-25,2018-11-26,2018-11-27,2018-11-28,2018-11-29,2018-11-30,2018-12-01,2018-12-02,2018-12-03,2018-12-04,2018-12-05,2018-12-06,2018-12-07
536c7ae3fcfff20be700009f,一周的计划,2018-11-16,2018-11-17,2018-11-21,2018-11-22,2018-11-23,2018-11-24,2018-11-25,2018-11-26,2018-11-27,2018-11-28,2018-11-29,2018-11-30,2018-12-01,2018-12-02,2018-12-03,2018-12-04,2018-12-05,2018-12-06,2018-12-07
53a1597cfcfff2cdfb00102d,那里怎么样？,2018-11-16,2018-11-17,2018-11-21,2018-11-22,2018-11-23,2018-11-24,2018-11-25,2018-11-26,2018-11-27,2018-11-28,2018-11-29,2018-11-30,2018-12-01,2018-12-02,2018-12-03,2018-12-04,2018-12-05,2018-12-06,2018-12-07
53db25b7fcfff21c3700618d,来自世界各地的书籍,2018-11-16,2018-11-17,2018-11-21,2018-11-22,2018-11-23,2018-11-24,2018-11-25,2018-11-26,2018-11-27,2018-11-28,2018-11-29,2018-11-30,2018-12-01,2018-12-02,2018-12-03,2018-12-04,2018-12-05,2018-12-06,2018-12-07
53c0d461fcfff2e37f0023f9,你最近怎样？,2018-11-16,2018-11-17,2018-11-21,2018-11-22,2018-11-23,2018-11-24,2018-11-25,2018-11-26,2018-11-27,2018-11-28,2018-11-29,2018-11-30,2018-12-01,2018-12-02,2018-12-03,2018-12-04,2018-12-05,2018-12-06,2018-12-07
53fa1f19fcfff2061f0007f7,著名短篇故事,2018-11-16,2018-11-17,2018-11-21,2018-11-22,2018-11-23,2018-11-24,2018-11-25,2018-11-26,2018-11-27,2018-11-28,2018-11-29,2018-11-30,2018-12-01,2018-12-02,2018-12-03,2018-12-04,2018-12-05,2018-12-06,2018-12-07
535b11fafcfff259c40027e6,职场时态措辞,2018-11-16,2018-11-17,2018-11-21,2018-11-22,2018-11-23,2018-11-24,2018-11-25,2018-11-26,2018-11-27,2018-11-28,2018-11-29,2018-11-30,2018-12-01,2018-12-02,2018-12-03,2018-12-04,2018-12-05,2018-12-06,2018-12-07
53e9d3f1fcfff23303000405,看了场电影,2018-11-16,2018-11-17,2018-11-21,2018-11-22,2018-11-23,2018-11-24,2018-11-25,2018-11-26,2018-11-27,2018-11-28,2018-11-29,2018-11-30,2018-12-01,2018-12-02,2018-12-03,2018-12-04,2018-12-05,2018-12-06,2018-12-07
50fe19a0fcfff20e04000035,我爱咖啡,2018-11-16,2018-11-17,2018-11-21,2018-11-22,2018-11-23,2018-11-24,2018-11-25,2018-11-26,2018-11-27,2018-11-28,2018-11-29,2018-11-30,2018-12-01,2018-12-02,2018-12-03,2018-12-04,2018-12-05,2018-12-06,2018-12-07
5200b100fcfff2a0ba001933,在商言商,2018-11-16,2018-11-17,2018-11-21,2018-11-22,2018-11-23,2018-11-24,2018-11-25,2018-11-26,2018-11-27,2018-11-28,2018-11-29,2018-11-30,2018-12-01,2018-12-02,2018-12-03,2018-12-04,2018-12-05,2018-12-06,2018-12-07
51011041fcfff2a9ff0001a0,派对时刻,2018-11-16,2018-11-17,2018-11-21,2018-11-22,2018-11-23,2018-11-24,2018-11-25,2018-11-26,2018-11-27,2018-11-28,2018-11-29,2018-11-30,2018-12-01,2018-12-02,2018-12-03,2018-12-04,2018-12-05,2018-12-06,2018-12-07
520d9e39fcfff2bbda0077b8,电影制作的艺术,2018-11-16,2018-11-17,2018-11-21,2018-11-22,2018-11-23,2018-11-24,2018-11-25,2018-11-26,2018-11-27,2018-11-28,2018-11-29,2018-11-30,2018-12-01,2018-12-02,2018-12-03,2018-12-04,2018-12-05,2018-12-06,2018-12-07
55ffe3b6636d734406000035,假期！假期！,2018-11-16,2018-11-17,2018-11-21,2018-11-22,2018-11-23,2018-11-24,2018-11-25,2018-11-26,2018-11-27,2018-11-28,2018-11-29,2018-11-30,2018-12-01,2018-12-02,2018-12-03,2018-12-04,2018-12-05,2018-12-06,2018-12-07
52117b24fcfff2d411005bb9,看医生,2018-11-16,2018-11-17,2018-11-21,2018-11-22,2018-11-23,2018-11-24,2018-11-25,2018-11-26,2018-11-27,2018-11-28,2018-11-29,2018-11-30,2018-12-01,2018-12-02,2018-12-03,2018-12-04,2018-12-05,2018-12-06,2018-12-07
5996bb7b636f6e2c4200010b,迷妹的日常,2018-11-16,2018-11-17,2018-11-21,2018-11-22,2018-11-23,2018-11-24,2018-11-25,2018-11-26,2018-11-27,2018-11-28,2018-11-29,2018-11-30,2018-12-01,2018-12-02,2018-12-03,2018-12-04,2018-12-05,2018-12-06,2018-12-07
5a7ae9b8636f6e2768002a32,歪果仁过春节,2018-11-16,2018-11-17,2018-11-21,2018-11-22,2018-11-23,2018-11-24,2018-11-25,2018-11-26,2018-11-27,2018-11-28,2018-11-29,2018-11-30,2018-12-01,2018-12-02,2018-12-03,2018-12-04,2018-12-05,2018-12-06,2018-12-07
599eb0b7636f6e5edf00001a,新学期计划,2018-11-16,2018-11-17,2018-11-21,2018-11-22,2018-11-23,2018-11-24,2018-11-25,2018-11-26,2018-11-27,2018-11-28,2018-11-29,2018-11-30,2018-12-01,2018-12-02,2018-12-03,2018-12-04,2018-12-05,2018-12-06,2018-12-07
51904c6ffcfff2b1a30f8eb5,面试十说,2018-11-16,2018-11-17,2018-11-21,2018-11-22,2018-11-23,2018-11-24,2018-11-25,2018-11-26,2018-11-27,2018-11-28,2018-11-29,2018-11-30,2018-12-01,2018-12-02,2018-12-03,2018-12-04,2018-12-05,2018-12-06,2018-12-07
50e6dbb2fcfff2c5fb000001,酒吧迷情,2018-11-16,2018-11-17,2018-11-21,2018-11-22,2018-11-23,2018-11-24,2018-11-25,2018-11-26,2018-11-27,2018-11-28,2018-11-29,2018-11-30,2018-12-01,2018-12-02,2018-12-03,2018-12-04,2018-12-05,2018-12-06,2018-12-07
522570c3fcfff2b19c000b77,去某地,2018-11-16,2018-11-17,2018-11-21,2018-11-22,2018-11-23,2018-11-24,2018-11-25,2018-11-26,2018-11-27,2018-11-28,2018-11-29,2018-11-30,2018-12-01,2018-12-02,2018-12-03,2018-12-04,2018-12-05,2018-12-06,2018-12-07
51964391fcfff2009d0044b6,面试十不说,2018-11-16,2018-11-17,2018-11-21,2018-11-22,2018-11-23,2018-11-24,2018-11-25,2018-11-26,2018-11-27,2018-11-28,2018-11-29,2018-11-30,2018-12-01,2018-12-02,2018-12-03,2018-12-04,2018-12-05,2018-12-06,2018-12-07
52117aecfcfff20250004553,禁忌 1,2018-11-16,2018-11-17,2018-11-21,2018-11-22,2018-11-23,2018-11-24,2018-11-25,2018-11-26,2018-11-27,2018-11-28,2018-11-29,2018-11-30,2018-12-01,2018-12-02,2018-12-03,2018-12-04,2018-12-05,2018-12-06,2018-12-07
5b5ef9ff636f6e4408000290,七夕洋味情话,2018-11-16,2018-11-17,2018-11-21,2018-11-22,2018-11-23,2018-11-24,2018-11-25,2018-11-26,2018-11-27,2018-11-28,2018-11-29,2018-11-30,2018-12-01,2018-12-02,2018-12-03,2018-12-04,2018-12-05,2018-12-06,2018-12-07
51f47b61fcfff24f160010f4,商业人生,2018-11-16,2018-11-17,2018-11-21,2018-11-22,2018-11-23,2018-11-24,2018-11-25,2018-11-26,2018-11-27,2018-11-28,2018-11-29,2018-11-30,2018-12-01,2018-12-02,2018-12-03,2018-12-04,2018-12-05,2018-12-06,2018-12-07
52902b18fcfff2bc28004e38,国际贸易,2018-11-16,2018-11-17,2018-11-21,2018-11-22,2018-11-23,2018-11-24,2018-11-25,2018-11-26,2018-11-27,2018-11-28,2018-11-29,2018-11-30,2018-12-01,2018-12-02,2018-12-03,2018-12-04,2018-12-05,2018-12-06,2018-12-07
528b6ca5fcfff22576004e2a,十大旅行问题,2018-11-16,2018-11-17,2018-11-21,2018-11-22,2018-11-23,2018-11-24,2018-11-25,2018-11-26,2018-11-27,2018-11-28,2018-11-29,2018-11-30,2018-12-01,2018-12-02,2018-12-03,2018-12-04,2018-12-05,2018-12-06,2018-12-07
537ae900fcfff2d6f400a010,2014世界杯,2018-11-16,2018-11-17,2018-11-21,2018-11-22,2018-11-23,2018-11-24,2018-11-25,2018-11-26,2018-11-27,2018-11-28,2018-11-29,2018-11-30,2018-12-01,2018-12-02,2018-12-03,2018-12-04,2018-12-05,2018-12-06,2018-12-07
521c14fefcfff2c0e5009100,禁忌 2,2018-11-16,2018-11-17,2018-11-21,2018-11-22,2018-11-23,2018-11-24,2018-11-25,2018-11-26,2018-11-27,2018-11-28,2018-11-29,2018-11-30,2018-12-01,2018-12-02,2018-12-03,2018-12-04,2018-12-05,2018-12-06,2018-12-07
532ad84ffcfff2580b000261,去美国旅行,2018-11-16,2018-11-17,2018-11-21,2018-11-22,2018-11-23,2018-11-24,2018-11-25,2018-11-26,2018-11-27,2018-11-28,2018-11-29,2018-11-30,2018-12-01,2018-12-02,2018-12-03,2018-12-04,2018-12-05,2018-12-06,2018-12-07
55e3cafa636d730a68000024,美式中餐,2018-11-16,2018-11-17,2018-11-21,2018-11-22,2018-11-23,2018-11-24,2018-11-25,2018-11-26,2018-11-27,2018-11-28,2018-11-29,2018-11-30,2018-12-01,2018-12-02,2018-12-03,2018-12-04,2018-12-05,2018-12-06,2018-12-07
53eb09e7fcfff28036001bb4,海外生存必备口语,2018-11-16,2018-11-17,2018-11-21,2018-11-22,2018-11-23,2018-11-24,2018-11-25,2018-11-26,2018-11-27,2018-11-28,2018-11-29,2018-11-30,2018-12-01,2018-12-02,2018-12-03,2018-12-04,2018-12-05,2018-12-06,2018-12-07
5261f9eefcfff23fac005018,动物是我们的朋友,2018-11-16,2018-11-17,2018-11-21,2018-11-22,2018-11-23,2018-11-24,2018-11-25,2018-11-26,2018-11-27,2018-11-28,2018-11-29,2018-11-30,2018-12-01,2018-12-02,2018-12-03,2018-12-04,2018-12-05,2018-12-06,2018-12-07
53bd0908fcfff22e1400a12c,上海市重点中学暑假作业,2018-11-16,2018-11-17,2018-11-21,2018-11-22,2018-11-23,2018-11-24,2018-11-25,2018-11-26,2018-11-27,2018-11-28,2018-11-29,2018-11-30,2018-12-01,2018-12-02,2018-12-03,2018-12-04,2018-12-05,2018-12-06,2018-12-07
5280af32fcfff23db8006444,像说母语一样问候,2018-11-16,2018-11-17,2018-11-21,2018-11-22,2018-11-23,2018-11-24,2018-11-25,2018-11-26,2018-11-27,2018-11-28,2018-11-29,2018-11-30,2018-12-01,2018-12-02,2018-12-03,2018-12-04,2018-12-05,2018-12-06,2018-12-07
52a9a868fcfff23bf50069fd,周末计划,2018-11-16,2018-11-17,2018-11-21,2018-11-22,2018-11-23,2018-11-24,2018-11-25,2018-11-26,2018-11-27,2018-11-28,2018-11-29,2018-11-30,2018-12-01,2018-12-02,2018-12-03,2018-12-04,2018-12-05,2018-12-06,2018-12-07
53455590fcfff2652a05801a,请求帮助,2018-11-16,2018-11-17,2018-11-21,2018-11-22,2018-11-23,2018-11-24,2018-11-25,2018-11-26,2018-11-27,2018-11-28,2018-11-29,2018-11-30,2018-12-01,2018-12-02,2018-12-03,2018-12-04,2018-12-05,2018-12-06,2018-12-07
3-cccccccccccccccccccccc,懂你英语,2018-11-16,2018-11-17,2018-11-21,2018-11-22,2018-11-23,2018-11-24,2018-11-25,2018-11-26,2018-11-27,2018-11-28,2018-11-29,2018-11-30,2018-12-01,2018-12-02,2018-12-03,2018-12-04,2018-12-05,2018-12-06,2018-12-07
54618715636d731cb30b0000,古代文明七大奇迹,2018-11-16,2018-11-17,2018-11-21,2018-11-22,2018-11-23,2018-11-24,2018-11-25,2018-11-26,2018-11-27,2018-11-28,2018-11-29,2018-11-30,2018-12-01,2018-12-02,2018-12-03,2018-12-04,2018-12-05,2018-12-06,2018-12-07
5355d441fcfff29a64008980,股票市场,2018-11-16,2018-11-17,2018-11-21,2018-11-22,2018-11-23,2018-11-24,2018-11-25,2018-11-26,2018-11-27,2018-11-28,2018-11-29,2018-11-30,2018-12-01,2018-12-02,2018-12-03,2018-12-04,2018-12-05,2018-12-06,2018-12-07
52738c9afcfff20c22002fcd,不做学霸做面霸,2018-11-16,2018-11-17,2018-11-21,2018-11-22,2018-11-23,2018-11-24,2018-11-25,2018-11-26,2018-11-27,2018-11-28,2018-11-29,2018-11-30,2018-12-01,2018-12-02,2018-12-03,2018-12-04,2018-12-05,2018-12-06,2018-12-07
5b75235b636f6e61a000005c,去浪英语,2018-11-16,2018-11-17,2018-11-21,2018-11-22,2018-11-23,2018-11-24,2018-11-25,2018-11-26,2018-11-27,2018-11-28,2018-11-29,2018-11-30,2018-12-01,2018-12-02,2018-12-03,2018-12-04,2018-12-05,2018-12-06,2018-12-07
59d482ae636f6e35e10000e3,极简语法,2018-11-16,2018-11-17,2018-11-21,2018-11-22,2018-11-23,2018-11-24,2018-11-25,2018-11-26,2018-11-27,2018-11-28,2018-11-29,2018-11-30,2018-12-01,2018-12-02,2018-12-03,2018-12-04,2018-12-05,2018-12-06,2018-12-07
52a00e1efcfff2e548004ff5,培养商业领导力,2018-11-16,2018-11-17,2018-11-21,2018-11-22,2018-11-23,2018-11-24,2018-11-25,2018-11-26,2018-11-27,2018-11-28,2018-11-29,2018-11-30,2018-12-01,2018-12-02,2018-12-03,2018-12-04,2018-12-05,2018-12-06,2018-12-07
55f7ea23636d7364f8000020,超级演说家,2018-11-16,2018-11-17,2018-11-21,2018-11-22,2018-11-23,2018-11-24,2018-11-25,2018-11-26,2018-11-27,2018-11-28,2018-11-29,2018-11-30,2018-12-01,2018-12-02,2018-12-03,2018-12-04,2018-12-05,2018-12-06,2018-12-07
53eb0fabfcfff2164e0001c2,航空播报,2018-11-16,2018-11-17,2018-11-21,2018-11-22,2018-11-23,2018-11-24,2018-11-25,2018-11-26,2018-11-27,2018-11-28,2018-11-29,2018-11-30,2018-12-01,2018-12-02,2018-12-03,2018-12-04,2018-12-05,2018-12-06,2018-12-07
59f00aa2636f6e7dba00090b,出国旅游英语,2018-11-16,2018-11-17,2018-11-21,2018-11-22,2018-11-23,2018-11-24,2018-11-25,2018-11-26,2018-11-27,2018-11-28,2018-11-29,2018-11-30,2018-12-01,2018-12-02,2018-12-03,2018-12-04,2018-12-05,2018-12-06,2018-12-07
59fd7c70636f6e3bac00023b,万能单词,2018-11-16,2018-11-17,2018-11-21,2018-11-22,2018-11-23,2018-11-24,2018-11-25,2018-11-26,2018-11-27,2018-11-28,2018-11-29,2018-11-30,2018-12-01,2018-12-02,2018-12-03,2018-12-04,2018-12-05,2018-12-06,2018-12-07
51b976e7fcfff20f8d0007e3,商务旅行英语,2018-11-16,2018-11-17,2018-11-21,2018-11-22,2018-11-23,2018-11-24,2018-11-25,2018-11-26,2018-11-27,2018-11-28,2018-11-29,2018-11-30,2018-12-01,2018-12-02,2018-12-03,2018-12-04,2018-12-05,2018-12-06,2018-12-07
52aa7e45fcfff2632c003233,向着梦想出发,2018-11-16,2018-11-17,2018-11-21,2018-11-22,2018-11-23,2018-11-24,2018-11-25,2018-11-26,2018-11-27,2018-11-28,2018-11-29,2018-11-30,2018-12-01,2018-12-02,2018-12-03,2018-12-04,2018-12-05,2018-12-06,2018-12-07
53ec1de9fcfff25ddf00109f,混杂状况,2018-11-16,2018-11-17,2018-11-21,2018-11-22,2018-11-23,2018-11-24,2018-11-25,2018-11-26,2018-11-27,2018-11-28,2018-11-29,2018-11-30,2018-12-01,2018-12-02,2018-12-03,2018-12-04,2018-12-05,2018-12-06,2018-12-07
53ba95fefcfff296ed000b4b,人力资源管理,2018-11-16,2018-11-17,2018-11-21,2018-11-22,2018-11-23,2018-11-24,2018-11-25,2018-11-26,2018-11-27,2018-11-28,2018-11-29,2018-11-30,2018-12-01,2018-12-02,2018-12-03,2018-12-04,2018-12-05,2018-12-06,2018-12-07
58a809ab636f6e0b7300033f,"只看美剧,干翻英语！",2018-11-16,2018-11-17,2018-11-21,2018-11-22,2018-11-23,2018-11-24,2018-11-25,2018-11-26,2018-11-27,2018-11-28,2018-11-29,2018-11-30,2018-12-01,2018-12-02,2018-12-03,2018-12-04,2018-12-05,2018-12-06,2018-12-07
53465e76fcfff2b068000718,项目管理,2018-11-16,2018-11-17,2018-11-21,2018-11-22,2018-11-23,2018-11-24,2018-11-25,2018-11-26,2018-11-27,2018-11-28,2018-11-29,2018-11-30,2018-12-01,2018-12-02,2018-12-03,2018-12-04,2018-12-05,2018-12-06,2018-12-07
52a1c16cfcfff2ebdb009541,圣诞节传统,2018-11-16,2018-11-17,2018-11-21,2018-11-22,2018-11-23,2018-11-24,2018-11-25,2018-11-26,2018-11-27,2018-11-28,2018-11-29,2018-11-30,2018-12-01,2018-12-02,2018-12-03,2018-12-04,2018-12-05,2018-12-06,2018-12-07
53327c83fcfff27245050093,跨国公司,2018-11-16,2018-11-17,2018-11-21,2018-11-22,2018-11-23,2018-11-24,2018-11-25,2018-11-26,2018-11-27,2018-11-28,2018-11-29,2018-11-30,2018-12-01,2018-12-02,2018-12-03,2018-12-04,2018-12-05,2018-12-06,2018-12-07
535b4f49fcfff2fa36005946,如何搭讪陌生人,2018-11-16,2018-11-17,2018-11-21,2018-11-22,2018-11-23,2018-11-24,2018-11-25,2018-11-26,2018-11-27,2018-11-28,2018-11-29,2018-11-30,2018-12-01,2018-12-02,2018-12-03,2018-12-04,2018-12-05,2018-12-06,2018-12-07
5435343cfcfff26e65000651,闲暇时间,2018-11-16,2018-11-17,2018-11-21,2018-11-22,2018-11-23,2018-11-24,2018-11-25,2018-11-26,2018-11-27,2018-11-28,2018-11-29,2018-11-30,2018-12-01,2018-12-02,2018-12-03,2018-12-04,2018-12-05,2018-12-06,2018-12-07
