360手机助手,工具,100084,272256995.0,272063778.0,193217.0,276024.285714286,2018-01-07
人民日报,阅读,101273,68160515.0,68145349.0,15166.0,21665.7142857143,2018-01-07
风行视频,视频,101594,92485869.0,92450347.0,35522.0,50745.7142857143,2018-01-07
作业帮,教育学习,1027306,73288688.0,71882793.0,1405895.0,2008421.42857143,2018-01-07
高德地图,出行,1038,460616069.0,457455457.0,3160612.0,4515160.0,2018-01-07
手电筒,工具,1066354,104743565.0,104728940.0,14625.0,20892.8571428571,2018-01-07
美团,便捷生活,1068,314257445.0,312871143.0,1386302.0,1980431.42857143,2018-01-07
QQ浏览器,系统,1079,438439689.0,436639418.0,1800271.0,2571815.71428571,2018-01-07
阿里星球,视频,1088,330096415.0,330087846.0,8569.0,12241.4285714286,2018-01-07
铃声多多,视频,111237,205747969.0,205136245.0,611724.0,873891.428571429,2018-01-07
掌阅iReader,阅读,1152,172710533.0,172464000.0,246533.0,352190.0,2018-01-07
讯飞输入法,社交,1167,339955080.0,338734791.0,1220289.0,1743270.0,2018-01-07
百度视频,视频,12272,164767125.0,164684080.0,83045.0,118635.714285714,2018-01-07
Flipboard,阅读,123565,113117247.0,112950069.0,167178.0,238825.714285714,2018-01-07
唱吧,视频,125088,110037732.0,109945626.0,92106.0,131580.0,2018-01-07
今日头条,视频,141843,333100197.0,329582831.0,3517366.0,5024808.57142857,2018-01-07
墨迹天气,工具,1433,421840953.0,420748138.0,1092815.0,1561164.28571429,2018-01-07
鲁大师,系统,147287,94575817.0,93967270.0,608547.0,869352.857142857,2018-01-07
三星打印服务插件,系统,1557729,114341096.0,114158147.0,182949.0,261355.714285714,2018-01-07
360省电王,系统,1569,197118122.0,197052515.0,65607.0,93724.2857142857,2018-01-07
搜狐视频,视频,1586,233092796.0,232681089.0,411707.0,588152.857142857,2018-01-07
手机京东,育儿母婴,1588,164890919.0,163612463.0,1278456.0,1826365.71428571,2018-01-07
开心消消乐,游戏,1625930,415150964.0,413671905.0,1479059.0,2112941.42857143,2018-01-07
酷我音乐,视频,1656,405842956.0,404525818.0,1317138.0,1881625.71428571,2018-01-07
360清理大师,系统,1781604,185751913.0,183616336.0,2135577.0,3050824.28571429,2018-01-07
搜狐新闻,阅读,1849,97069994.0,96849916.0,220078.0,314397.142857143,2018-01-07
滴滴出行,出行,185732,149671371.0,148728595.0,942776.0,1346822.85714286,2018-01-07
平安普惠,理财,1937214,17379002.0,16355311.0,1023691.0,1462415.71428571,2018-01-07
支付宝,理财,1939,678675259.0,675025586.0,3649673.0,5213818.57142857,2018-01-07
腾讯新闻,阅读,19467,314794531.0,313582090.0,1212441.0,1732058.57142857,2018-01-07
360免费WiFi,系统,1954941,246651750.0,245318569.0,1333181.0,1904544.28571429,2018-01-07
美图秀秀,摄影,1977,408414359.0,407549276.0,865083.0,1235832.85714286,2018-01-07
微博,阅读,2012,689583368.0,687642513.0,1940855.0,2772650.0,2018-01-07
咪咕音乐,视频,201224,81296155.0,80634412.0,661743.0,945347.142857143,2018-01-07
UC浏览器,系统,2058,682860588.0,681159084.0,1701504.0,2430720.0,2018-01-07
腾讯视频,视频,2087,435556620.0,432683988.0,2872632.0,4103760.0,2018-01-07
QQ邮箱,办公商务,209310,131297981.0,130743707.0,554274.0,791820.0,2018-01-07
唯品会,购物,21972,100779584.0,100097081.0,682503.0,975004.285714286,2018-01-07
中华万年历日历,工具,2272,144522988.0,144175684.0,347304.0,496148.571428571,2018-01-07
美颜相机,摄影,229226,174452309.0,173766289.0,686020.0,980028.571428571,2018-01-07
360超级ROOT-深度优化手机,工具,2304476,156784385.0,156270336.0,514049.0,734355.714285714,2018-01-07
喜马拉雅FM,视频,236026,88417828.0,88141380.0,276448.0,394925.714285714,2018-01-07
驾考宝典,教育学习,2378,113416929.0,112963163.0,453766.0,648237.142857143,2018-01-07
随手电筒,工具,246564,96123471.0,96086376.0,37095.0,52992.8571428571,2018-01-07
单机斗地主-不占流量,游戏,263710,198528853.0,198006379.0,522474.0,746391.428571429,2018-01-07
网易新闻,阅读,2744,89436905.0,89017730.0,419175.0,598821.428571429,2018-01-07
相机360,摄影,2747,104394374.0,104335403.0,58971.0,84244.2857142857,2018-01-07
爱奇艺,视频,2751,564941175.0,561980450.0,2960725.0,4229607.14285714,2018-01-07
书旗小说,阅读,2926,132383225.0,132098132.0,285093.0,407275.714285714,2018-01-07
网易有道词典,教育学习,2927,191343069.0,191095570.0,247499.0,353570.0,2018-01-07
携程旅行,出行,2947,134048173.0,133482500.0,565673.0,808104.285714286,2018-01-07
花椒直播-美颜椒友疯狂卖萌,社交,2981222,118161573.0,116805735.0,1355838.0,1936911.42857143,2018-01-07
王者荣耀,游戏,3073428,168909031.0,163608728.0,5300303.0,7571861.42857143,2018-01-07
快手,视频,3536,145083074.0,141996794.0,3086280.0,4408971.42857143,2018-01-07
手机淘宝,育儿母婴,3570,877830194.0,874390266.0,3439928.0,4914182.85714286,2018-01-07
ES文件浏览器,系统,3571,90610710.0,90544395.0,66315.0,94735.7142857143,2018-01-07
优酷,视频,3581,777903432.0,775617966.0,2285466.0,3264951.42857143,2018-01-07
蔚蓝小说,阅读,3885739,35105505.0,30676832.0,4428673.0,6326675.71428571,2018-01-07
小说,阅读,3894208,21929908.0,16915383.0,5014525.0,7163607.14285714,2018-01-07
免费小说,阅读,3937914,7081953.0,1962242.0,5119711.0,7313872.85714286,2018-01-07
YY,视频,4067,113960034.0,113232288.0,727746.0,1039637.14285714,2018-01-07
土豆视频,视频,4107,113246980.0,113090791.0,156189.0,223127.142857143,2018-01-07
途牛旅游,出行,43299,144814458.0,144586721.0,227737.0,325338.571428571,2018-01-07
酷狗音乐,视频,433,1128850193.0,1125062186.0,3788007.0,5411438.57142857,2018-01-07
多米音乐,视频,44,97112902.0,96980590.0,132312.0,189017.142857143,2018-01-07
QQ音乐,视频,4498,137120239.0,135531538.0,1588701.0,2269572.85714286,2018-01-07
大众点评,生活服务,4674,170856230.0,170511094.0,345136.0,493051.428571429,2018-01-07
陌陌,社交,48,242075547.0,241475449.0,600098.0,857282.857142857,2018-01-07
蜻蜓FM,视频,51178,82182888.0,81945082.0,237806.0,339722.857142857,2018-01-07
我查查,工具,537,160543812.0,160509406.0,34406.0,49151.4285714286,2018-01-07
微信,社交,5427,754534183.0,747190189.0,7343994.0,10491420.0,2018-01-07
58同城,便捷生活,5576,85901586.0,85470272.0,431314.0,616162.857142857,2018-01-07
聚力视频,视频,5632,273673558.0,273273812.0,399746.0,571065.714285714,2018-01-07
天气通,工具,6209,93783255.0,93720801.0,62454.0,89220.0,2018-01-07
谷歌拼音,系统,6224,126386249.0,126303980.0,82269.0,117527.142857143,2018-01-07
乐视视频,视频,6276,256917264.0,256597524.0,319740.0,456771.428571429,2018-01-07
谷歌Gmail,办公商务,6411,92766450.0,92657825.0,108625.0,155178.571428571,2018-01-07
驾校一点通,教育学习,6533,36873748.0,36811856.0,61892.0,88417.1428571429,2018-01-07
咪咕阅读,阅读,6536,119743610.0,117091714.0,2651896.0,3788422.85714286,2018-01-07
飞信,社交,7372,94941106.0,94917489.0,23617.0,33738.5714285714,2018-01-07
百度地图,出行,7655,572204699.0,570783778.0,1420921.0,2029887.14285714,2018-01-07
植物大战僵尸2高清版,游戏,771431,214940217.0,214117457.0,822760.0,1175371.42857143,2018-01-07
360手机卫士-一键连免费wifi,系统,77208,1892042402.0,1884180433.0,7861969.0,11231384.2857143,2018-01-07
360影视大全,视频,778702,417007981.0,415332477.0,1675504.0,2393577.14285714,2018-01-07
QQ,社交,7953,787007075.0,784969309.0,2037766.0,2911094.28571429,2018-01-07
华为手机文件管理器,办公商务,796062,101822731.0,100920278.0,902453.0,1289218.57142857,2018-01-07
QQ空间,社交,8015,133079670.0,132855944.0,223726.0,319608.571428571,2018-01-07
ogle 文字转语音,系统,885077,118608874.0,118550192.0,58682.0,83831.4285714286,2018-01-07
WiFi万能钥匙,系统,88761,982822998.0,977458435.0,5364563.0,7663661.42857143,2018-01-07
HP Print Service 插件,系统,890932,112572496.0,112467432.0,105064.0,150091.428571429,2018-01-07
360天气,工具,92235,118565839.0,118495264.0,70575.0,100821.428571429,2018-01-07
中国建设银行,理财,9347,105006312.0,103984293.0,1022019.0,1460027.14285714,2018-01-07
去哪儿旅行,出行,944,120993638.0,120531684.0,461954.0,659934.285714286,2018-01-07
360浏览器,系统,95487,657810841.0,653766424.0,4044417.0,5777738.57142857,2018-01-07
铃声多多,视频,111237,206335167.0,205969814.0,365353.0,782899.285714286,2018-02-04
唱吧,视频,125088,110184220.0,110083914.0,100306.0,214941.428571429,2018-02-04
酷我音乐,视频,1656,407000693.0,406219567.0,781126.0,1673841.42857143,2018-02-04
咪咕音乐,视频,201224,85293746.0,82637847.0,2655899.0,5691212.14285714,2018-02-04
酷狗音乐,视频,433,1132170386.0,1129568500.0,2601886.0,5575470.0,2018-02-04
多米音乐,视频,44,97183765.0,97136876.0,46889.0,100476.428571429,2018-02-04
QQ音乐,视频,4498,139219409.0,137631894.0,1587515.0,3401817.85714286,2018-02-04
蜻蜓FM,视频,51178,82375768.0,82261919.0,113849.0,243962.142857143,2018-02-04
360手机助手,工具,100084,272937229.0,272795297.0,141932.0,202760.0,2018-04-08
人民日报,阅读,101273,86544000.0,86533614.0,10386.0,14837.1428571429,2018-04-08
风行视频,视频,101594,92609619.0,92582822.0,26797.0,38281.4285714286,2018-04-08
作业帮,教育学习,1027306,79517168.0,78270758.0,1246410.0,1780585.71428571,2018-04-08
高德地图,出行,1038,469772575.0,468097701.0,1674874.0,2392677.14285714,2018-04-08
手电筒,工具,1066354,104802501.0,104794026.0,8475.0,12107.1428571429,2018-04-08
美团,便捷生活,1068,318070870.0,317330496.0,740374.0,1057677.14285714,2018-04-08
QQ浏览器,系统,1079,444853661.0,443613616.0,1240045.0,1771492.85714286,2018-04-08
阿里星球,视频,1088,330124646.0,330120347.0,4299.0,6141.42857142857,2018-04-08
铃声多多,视频,111237,208050052.0,207623380.0,426672.0,609531.428571429,2018-04-08
掌阅iReader,阅读,1152,173483618.0,173326882.0,156736.0,223908.571428571,2018-04-08
讯飞输入法,社交,1167,344798868.0,343932586.0,866282.0,1237545.71428571,2018-04-08
百度视频,视频,12272,165139837.0,165076072.0,63765.0,91092.8571428571,2018-04-08
Flipboard,阅读,123565,113753650.0,113628868.0,124782.0,178260.0,2018-04-08
唱吧,视频,125088,110474610.0,110393857.0,80753.0,115361.428571429,2018-04-08
今日头条,视频,141843,342657135.0,,,,2018-04-08
墨迹天气,工具,1433,425380815.0,424634892.0,745923.0,1065604.28571429,2018-04-08
360桌面,系统,1438,261502627.0,261449830.0,52797.0,75424.2857142857,2018-04-08
鲁大师,系统,147287,97177170.0,96502776.0,674394.0,963420.0,2018-04-08
三星打印服务插件,系统,1557729,114976872.0,114877304.0,99568.0,142240.0,2018-04-08
360省电王,系统,1569,197436507.0,197349961.0,86546.0,123637.142857143,2018-04-08
搜狐视频,视频,1586,234657518.0,234410863.0,246655.0,352364.285714286,2018-04-08
手机京东,育儿母婴,1588,170489110.0,169455519.0,1033591.0,1476558.57142857,2018-04-08
开心消消乐,游戏,1625930,420838390.0,420102354.0,736036.0,1051480.0,2018-04-08
酷我音乐,视频,1656,410190403.0,409505966.0,684437.0,977767.142857143,2018-04-08
360清理大师,系统,1781604,194523357.0,193185265.0,1338092.0,1911560.0,2018-04-08
搜狐新闻,阅读,1849,97850501.0,97707400.0,143101.0,204430.0,2018-04-08
滴滴出行,出行,185732,152856202.0,152082740.0,773462.0,1104945.71428571,2018-04-08
平安普惠,理财,1937214,134740034.0,110088153.0,24651881.0,35216972.8571429,2018-04-08
支付宝,理财,1939,689954979.0,688999398.0,955581.0,1365115.71428571,2018-04-08
腾讯新闻,阅读,19467,320498370.0,319547597.0,950773.0,1358247.14285714,2018-04-08
360免费WiFi,系统,1954941,251492178.0,250979850.0,512328.0,731897.142857143,2018-04-08
美图秀秀,摄影,1977,411431193.0,410853486.0,577707.0,825295.714285714,2018-04-08
微博,阅读,2012,695878205.0,694854720.0,1023485.0,1462121.42857143,2018-04-08
咪咕音乐,视频,201224,92244078.0,90462342.0,1781736.0,2545337.14285714,2018-04-08
UC浏览器,系统,2058,689912214.0,688922557.0,989657.0,1413795.71428571,2018-04-08
腾讯视频,视频,2087,447657251.0,445071932.0,2585319.0,3693312.85714286,2018-04-08
QQ邮箱,办公商务,209310,133059571.0,132625392.0,434179.0,620255.714285714,2018-04-08
唯品会,购物,21972,103442542.0,103079073.0,363469.0,519241.428571429,2018-04-08
中华万年历日历,工具,2272,146113926.0,145858836.0,255090.0,364414.285714286,2018-04-08
美颜相机,摄影,229226,177132571.0,176713011.0,419560.0,599371.428571429,2018-04-08
360超级ROOT-深度优化手机,工具,2304476,157772686.0,157648852.0,123834.0,176905.714285714,2018-04-08
喜马拉雅FM,视频,236026,90181657.0,89816285.0,365372.0,521960.0,2018-04-08
驾考宝典,教育学习,2378,115345958.0,114747809.0,598149.0,854498.571428571,2018-04-08
随手电筒,工具,246564,96257353.0,96235246.0,22107.0,31581.4285714286,2018-04-08
单机斗地主-不占流量,游戏,263710,200195877.0,199958032.0,237845.0,339778.571428571,2018-04-08
网易新闻,阅读,2744,90375409.0,,,,2018-04-08
相机360,摄影,2747,104592860.0,104561358.0,31502.0,45002.8571428571,2018-04-08
爱奇艺,视频,2751,576736983.0,574656454.0,2080529.0,2972184.28571429,2018-04-08
书旗小说,阅读,2926,133559559.0,133358616.0,200943.0,287061.428571429,2018-04-08
网易有道词典,教育学习,2927,192319263.0,192138064.0,181199.0,258855.714285714,2018-04-08
携程旅行,出行,2947,135805183.0,135466140.0,339043.0,484347.142857143,2018-04-08
花椒直播-美颜椒友疯狂卖萌,社交,2981222,120962025.0,120688842.0,273183.0,390261.428571429,2018-04-08
王者荣耀,游戏,3073428,191230485.0,187114920.0,4115565.0,5879378.57142857,2018-04-08
快手,视频,3536,156932450.0,154969972.0,1962478.0,2803540.0,2018-04-08
手机淘宝,育儿母婴,3570,892751529.0,891255856.0,1495673.0,2136675.71428571,2018-04-08
ES文件浏览器,系统,3571,90830247.0,90802589.0,27658.0,39511.4285714286,2018-04-08
优酷,视频,3581,786118562.0,784788532.0,1330030.0,1900042.85714286,2018-04-08
蔚蓝小说,阅读,3885739,108547855.0,93534280.0,15013575.0,21447964.2857143,2018-04-08
小说,阅读,3894208,76161734.0,66799866.0,9361868.0,13374097.1428571,2018-04-08
免费小说,阅读,3937914,76436936.0,67821776.0,8615160.0,12307371.4285714,2018-04-08
电子书,阅读,3963018,68057912.0,56837513.0,11220399.0,16029141.4285714,2018-04-08
有声小说,阅读,3963330,89388573.0,79217194.0,10171379.0,14530541.4285714,2018-04-08
YY,视频,4067,116887083.0,116295776.0,591307.0,844724.285714286,2018-04-08
土豆视频,视频,4107,113752646.0,113674310.0,78336.0,111908.571428571,2018-04-08
途牛旅游,出行,43299,145352244.0,145272296.0,79948.0,114211.428571429,2018-04-08
酷狗音乐,视频,433,1139059269.0,1137322737.0,1736532.0,2480760.0,2018-04-08
多米音乐,视频,44,97324322.0,97298778.0,25544.0,36491.4285714286,2018-04-08
QQ音乐,视频,4498,144112566.0,143151787.0,960779.0,1372541.42857143,2018-04-08
大众点评,生活服务,4674,172246398.0,172040159.0,206239.0,294627.142857143,2018-04-08
陌陌,社交,48,243898755.0,243560594.0,338161.0,483087.142857143,2018-04-08
蜻蜓FM,视频,51178,87973973.0,86198831.0,1775142.0,2535917.14285714,2018-04-08
我查查,工具,537,160885561.0,160801015.0,84546.0,120780.0,2018-04-08
微信,社交,5427,796639930.0,790949527.0,5690403.0,8129147.14285714,2018-04-08
58同城,便捷生活,5576,88046257.0,87725161.0,321096.0,458708.571428571,2018-04-08
聚力视频,视频,5632,274850293.0,274706617.0,143676.0,205251.428571429,2018-04-08
天气通,工具,6209,94146962.0,94086215.0,60747.0,86781.4285714286,2018-04-08
谷歌拼音,系统,6224,126699140.0,126616656.0,82484.0,117834.285714286,2018-04-08
乐视视频,视频,6276,257813962.0,257661732.0,152230.0,217471.428571429,2018-04-08
谷歌Gmail,办公商务,6411,93238284.0,93161162.0,77122.0,110174.285714286,2018-04-08
驾校一点通,教育学习,6533,73817654.0,63493291.0,10324363.0,14749090.0,2018-04-08
咪咕阅读,阅读,6536,128897137.0,127196585.0,1700552.0,2429360.0,2018-04-08
飞信,社交,7372,95018746.0,95007224.0,11522.0,16460.0,2018-04-08
百度地图,出行,7655,577430846.0,576566099.0,864747.0,1235352.85714286,2018-04-08
植物大战僵尸2高清版,游戏,771431,217950144.0,217484252.0,465892.0,665560.0,2018-04-08
360手机卫士-一键连免费wifi,系统,77208,1919536168.0,1916172016.0,3364152.0,4805931.42857143,2018-04-08
360影视大全,视频,778702,422930434.0,421837252.0,1093182.0,1561688.57142857,2018-04-08
QQ,社交,7953,795507551.0,794309267.0,1198284.0,1711834.28571429,2018-04-08
华为手机文件管理器,办公商务,796062,104899050.0,104413648.0,485402.0,693431.428571429,2018-04-08
QQ空间,社交,8015,133758554.0,133653487.0,105067.0,150095.714285714,2018-04-08
ogle 文字转语音,系统,885077,118811024.0,118781103.0,29921.0,42744.2857142857,2018-04-08
WiFi万能钥匙,系统,88761,1002918309.0,999740430.0,3177879.0,4539827.14285714,2018-04-08
HP Print Service 插件,系统,890932,113226854.0,113145955.0,80899.0,115570.0,2018-04-08
360天气,工具,92235,119204365.0,119099808.0,104557.0,149367.142857143,2018-04-08
中国建设银行,理财,9347,108794379.0,107990818.0,803561.0,1147944.28571429,2018-04-08
去哪儿旅行,出行,944,122866450.0,122359481.0,506969.0,724241.428571429,2018-04-08
360浏览器,系统,95487,670195575.0,667028935.0,3166640.0,4523771.42857143,2018-04-08
360手机助手,工具,100084,273118543.0,272963236.0,155307.0,221867.142857143,2018-05-06
人民日报,阅读,101273,86556318.0,86546561.0,9757.0,13938.5714285714,2018-05-06
风行视频,视频,101594,92642198.0,92621770.0,20428.0,29182.8571428571,2018-05-06
作业帮,教育学习,1027306,81093170.0,79865266.0,1227904.0,1754148.57142857,2018-05-06
高德地图,出行,1038,471005721.0,470100090.0,905631.0,1293758.57142857,2018-05-06
手电筒,工具,1066354,104817936.0,104805352.0,12584.0,17977.1428571429,2018-05-06
美团,便捷生活,1068,319574612.0,318554156.0,1020456.0,1457794.28571429,2018-05-06
QQ浏览器,系统,1079,447040881.0,445126695.0,1914186.0,2734551.42857143,2018-05-06
阿里星球,视频,1088,330131455.0,330125859.0,5596.0,7994.28571428571,2018-05-06
铃声多多,视频,111237,208719564.0,208203663.0,515901.0,737001.428571429,2018-05-06
掌阅iReader,阅读,1152,173691984.0,173520999.0,170985.0,244264.285714286,2018-05-06
讯飞输入法,社交,1167,345887358.0,344996137.0,891221.0,1273172.85714286,2018-05-06
百度视频,视频,12272,165238884.0,165169471.0,69413.0,99161.4285714286,2018-05-06
Flipboard,阅读,123565,113906529.0,113774939.0,131590.0,187985.714285714,2018-05-06
唱吧,视频,125088,110610147.0,110510778.0,99369.0,141955.714285714,2018-05-06
今日头条,视频,141843,345939711.0,343477594.0,2462117.0,3517310.0,2018-05-06
墨迹天气,工具,1433,426366815.0,425519486.0,847329.0,1210470.0,2018-05-06
360桌面,系统,1438,261590891.0,261516840.0,74051.0,105787.142857143,2018-05-06
鲁大师,系统,147287,97998613.0,97363251.0,635362.0,907660.0,2018-05-06
三星打印服务插件,系统,1557729,115115135.0,115005203.0,109932.0,157045.714285714,2018-05-06
360省电王,系统,1569,197509065.0,197451327.0,57738.0,82482.8571428571,2018-05-06
搜狐视频,视频,1586,235015449.0,234738799.0,276650.0,395214.285714286,2018-05-06
手机京东,育儿母婴,1588,172218155.0,170734686.0,1483469.0,2119241.42857143,2018-05-06
开心消消乐,游戏,1625930,421758306.0,421069928.0,688378.0,983397.142857143,2018-05-06
酷我音乐,视频,1656,411472795.0,410491847.0,980948.0,1401354.28571429,2018-05-06
360清理大师,系统,1781604,197514658.0,194886426.0,2628232.0,3754617.14285714,2018-05-06
搜狐新闻,阅读,1849,98340002.0,97920424.0,419578.0,599397.142857143,2018-05-06
滴滴出行,出行,185732,153777882.0,152991482.0,786400.0,1123428.57142857,2018-05-06
平安普惠,理财,1937214,174541237.0,142038438.0,32502799.0,46432570.0,2018-05-06
支付宝,理财,1939,692882202.0,691120897.0,1761305.0,2516150.0,2018-05-06
腾讯新闻,阅读,19467,321885710.0,320733824.0,1151886.0,1645551.42857143,2018-05-06
360免费WiFi,系统,1954941,252034520.0,251639714.0,394806.0,564008.571428571,2018-05-06
美图秀秀,摄影,1977,412115007.0,411613663.0,501344.0,716205.714285714,2018-05-06
微博,阅读,2012,697461900.0,696101293.0,1360607.0,1943724.28571429,2018-05-06
咪咕音乐,视频,201224,95273992.0,92902554.0,2371438.0,3387768.57142857,2018-05-06
UC浏览器,系统,2058,691755047.0,690446724.0,1308323.0,1869032.85714286,2018-05-06
腾讯视频,视频,2087,450919334.0,448378177.0,2541157.0,3630224.28571429,2018-05-06
QQ邮箱,办公商务,209310,133762341.0,133305131.0,457210.0,653157.142857143,2018-05-06
唯品会,购物,21972,103885342.0,103522895.0,362447.0,517781.428571429,2018-05-06
中华万年历日历,工具,2272,146456739.0,146191399.0,265340.0,379057.142857143,2018-05-06
美颜相机,摄影,229226,177754997.0,177236679.0,518318.0,740454.285714286,2018-05-06
360超级ROOT-深度优化手机,工具,2304476,157932641.0,157806472.0,126169.0,180241.428571429,2018-05-06
喜马拉雅FM,视频,236026,90581409.0,90275521.0,305888.0,436982.857142857,2018-05-06
驾考宝典,教育学习,2378,116068207.0,115523653.0,544554.0,777934.285714286,2018-05-06
随手电筒,工具,246564,96274663.0,96261353.0,13310.0,19014.2857142857,2018-05-06
单机斗地主-不占流量,游戏,263710,200530071.0,200292228.0,237843.0,339775.714285714,2018-05-06
网易新闻,阅读,2744,90662658.0,90417136.0,245522.0,350745.714285714,2018-05-06
相机360,摄影,2747,104637135.0,104603211.0,33924.0,48462.8571428571,2018-05-06
爱奇艺,视频,2751,579766284.0,577348460.0,2417824.0,3454034.28571429,2018-05-06
书旗小说,阅读,2926,133923258.0,133657272.0,265986.0,379980.0,2018-05-06
网易有道词典,教育学习,2927,192574795.0,192347502.0,227293.0,324704.285714286,2018-05-06
携程旅行,出行,2947,136270800.0,135878021.0,392779.0,561112.857142857,2018-05-06
花椒直播-美颜椒友疯狂卖萌,社交,2981222,121359236.0,121044495.0,314741.0,449630.0,2018-05-06
王者荣耀,游戏,3073428,195840238.0,192300653.0,3539585.0,5056550.0,2018-05-06
快手,视频,3536,159788667.0,157664462.0,2124205.0,3034578.57142857,2018-05-06
手机淘宝,育儿母婴,3570,896437983.0,893801483.0,2636500.0,3766428.57142857,2018-05-06
ES文件浏览器,系统,3571,90872360.0,90837324.0,35036.0,50051.4285714286,2018-05-06
优酷,视频,3581,787981433.0,786451083.0,1530350.0,2186214.28571429,2018-05-06
蔚蓝小说,阅读,3885739,111202675.0,109036430.0,2166245.0,3094635.71428571,2018-05-06
小说,阅读,3894208,79092541.0,76699362.0,2393179.0,3418827.14285714,2018-05-06
免费小说,阅读,3937914,79368140.0,76975160.0,2392980.0,3418542.85714286,2018-05-06
电子书,阅读,3963018,71474938.0,68681348.0,2793590.0,3990842.85714286,2018-05-06
有声小说,阅读,3963330,93104107.0,89959537.0,3144570.0,4492242.85714286,2018-05-06
YY,视频,4067,117772483.0,117100296.0,672187.0,960267.142857143,2018-05-06
土豆视频,视频,4107,113845441.0,113777742.0,67699.0,96712.8571428571,2018-05-06
途牛旅游,出行,43299,145469483.0,145377492.0,91991.0,131415.714285714,2018-05-06
酷狗音乐,视频,433,1141652311.0,1139568366.0,2083945.0,2977064.28571429,2018-05-06
多米音乐,视频,44,97364879.0,97334170.0,30709.0,43870.0,2018-05-06
QQ音乐,视频,4498,146422194.0,144669408.0,1752786.0,2503980.0,2018-05-06
大众点评,生活服务,4674,172759376.0,172311299.0,448077.0,640110.0,2018-05-06
陌陌,社交,48,244356677.0,243995579.0,361098.0,515854.285714286,2018-05-06
蜻蜓FM,视频,51178,91661549.0,88052849.0,3608700.0,5155285.71428571,2018-05-06
我查查,工具,537,160924739.0,160894853.0,29886.0,42694.2857142857,2018-05-06
微信,社交,5427,802372651.0,798086502.0,4286149.0,6123070.0,2018-05-06
58同城,便捷生活,5576,88661661.0,88130479.0,531182.0,758831.428571429,2018-05-06
聚力视频,视频,5632,275020283.0,274875324.0,144959.0,207084.285714286,2018-05-06
百度,系统,5846,411987057.0,,,,2018-05-06
天气通,工具,6209,94207073.0,94161785.0,45288.0,64697.1428571429,2018-05-06
谷歌拼音,系统,6224,126800665.0,126724042.0,76623.0,109461.428571429,2018-05-06
乐视视频,视频,6276,258015446.0,257843631.0,171815.0,245450.0,2018-05-06
谷歌Gmail,办公商务,6411,93305256.0,93253061.0,52195.0,74564.2857142857,2018-05-06
驾校一点通,教育学习,6533,92356234.0,73825632.0,18530602.0,26472288.5714286,2018-05-06
咪咕阅读,阅读,6536,132663198.0,128942879.0,3720319.0,5314741.42857143,2018-05-06
飞信,社交,7372,95035283.0,95022087.0,13196.0,18851.4285714286,2018-05-06
百度地图,出行,7655,578214140.0,577660685.0,553455.0,790650.0,2018-05-06
植物大战僵尸2高清版,游戏,771431,218741574.0,218092484.0,649090.0,927271.428571429,2018-05-06
360手机卫士-一键连免费wifi,系统,77208,1927802103.0,1922091955.0,5710148.0,8157354.28571429,2018-05-06
360影视大全,视频,778702,424270310.0,423319273.0,951037.0,1358624.28571429,2018-05-06
QQ,社交,7953,797871488.0,796095763.0,1775725.0,2536750.0,2018-05-06
华为手机文件管理器,办公商务,796062,105618094.0,105063281.0,554813.0,792590.0,2018-05-06
QQ空间,社交,8015,133853315.0,133779366.0,73949.0,105641.428571429,2018-05-06
ogle 文字转语音,系统,885077,118853029.0,118819395.0,33634.0,48048.5714285714,2018-05-06
WiFi万能钥匙,系统,88761,1007866592.0,1004092847.0,3773745.0,5391064.28571429,2018-05-06
HP Print Service 插件,系统,890932,113332186.0,113248709.0,83477.0,119252.857142857,2018-05-06
360天气,工具,92235,119296183.0,119228674.0,67509.0,96441.4285714286,2018-05-06
中国建设银行,理财,9347,109451476.0,109023335.0,428141.0,611630.0,2018-05-06
去哪儿旅行,出行,944,123689409.0,122997443.0,691966.0,988522.857142857,2018-05-06
360浏览器,系统,95487,673957918.0,671055034.0,2902884.0,4146977.14285714,2018-05-06
360手机助手,工具,100084,273333134.0,273162856.0,170278.0,243254.285714286,2018-06-03
人民日报,阅读,101273,89183080.0,86558909.0,2624171.0,3748815.71428571,2018-06-03
风行视频,视频,101594,92667391.0,92646373.0,21018.0,30025.7142857143,2018-06-03
作业帮,教育学习,1027306,82696766.0,81475335.0,1221431.0,1744901.42857143,2018-06-03
高德地图,出行,1038,473861269.0,472051055.0,1810214.0,2586020.0,2018-06-03
手电筒,工具,1066354,104831820.0,104820334.0,11486.0,16408.5714285714,2018-06-03
美团,便捷生活,1068,320591866.0,319788327.0,803539.0,1147912.85714286,2018-06-03
QQ浏览器,系统,1079,449080686.0,447362859.0,1717827.0,2454038.57142857,2018-06-03
阿里星球,视频,1088,330138000.0,330132719.0,5281.0,7544.28571428571,2018-06-03
铃声多多,视频,111237,209312857.0,208858217.0,454640.0,649485.714285714,2018-06-03
掌阅iReader,阅读,1152,173903011.0,173719342.0,183669.0,262384.285714286,2018-06-03
讯飞输入法,社交,1167,346907899.0,346063175.0,844724.0,1206748.57142857,2018-06-03
百度视频,视频,12272,165342578.0,165258041.0,84537.0,120767.142857143,2018-06-03
Flipboard,阅读,123565,114027763.0,113935829.0,91934.0,131334.285714286,2018-06-03
唱吧,视频,125088,110706901.0,110642137.0,64764.0,92520.0,2018-06-03
今日头条,视频,141843,348511121.0,346624203.0,1886918.0,2695597.14285714,2018-06-03
墨迹天气,工具,1433,427384778.0,426553989.0,830789.0,1186841.42857143,2018-06-03
360桌面,系统,1438,261665916.0,261606984.0,58932.0,84188.5714285714,2018-06-03
鲁大师,系统,147287,98700968.0,98179922.0,521046.0,744351.428571429,2018-06-03
三星打印服务插件,系统,1557729,115243882.0,115142290.0,101592.0,145131.428571429,2018-06-03
360省电王,系统,1569,197633921.0,197555525.0,78396.0,111994.285714286,2018-06-03
搜狐视频,视频,1586,235268409.0,235074433.0,193976.0,277108.571428571,2018-06-03
手机京东,育儿母婴,1588,174641902.0,172484104.0,2157798.0,3082568.57142857,2018-06-03
开心消消乐,游戏,1625930,422805666.0,421950566.0,855100.0,1221571.42857143,2018-06-03
酷我音乐,视频,1656,412676957.0,411746297.0,930660.0,1329514.28571429,2018-06-03
360清理大师,系统,1781604,199377669.0,197940379.0,1437290.0,2053271.42857143,2018-06-03
搜狐新闻,阅读,1849,98912169.0,98483862.0,428307.0,611867.142857143,2018-06-03
滴滴出行,出行,185732,155061395.0,154088699.0,972696.0,1389565.71428571,2018-06-03
平安普惠,理财,1937214,221439689.0,184203555.0,37236134.0,53194477.1428571,2018-06-03
支付宝,理财,1939,695386710.0,693175659.0,2211051.0,3158644.28571429,2018-06-03
腾讯新闻,阅读,19467,322933309.0,322125179.0,808130.0,1154471.42857143,2018-06-03
360免费WiFi,系统,1954941,252438723.0,252124354.0,314369.0,449098.571428571,2018-06-03
美图秀秀,摄影,1977,413021011.0,412325117.0,695894.0,994134.285714286,2018-06-03
微博,阅读,2012,699206422.0,697872505.0,1333917.0,1905595.71428571,2018-06-03
咪咕音乐,视频,201224,98034631.0,95774675.0,2259956.0,3228508.57142857,2018-06-03
UC浏览器,系统,2058,693934943.0,692382846.0,1552097.0,2217281.42857143,2018-06-03
腾讯视频,视频,2087,454111034.0,451582691.0,2528343.0,3611918.57142857,2018-06-03
QQ邮箱,办公商务,209310,134069052.0,133877167.0,191885.0,274121.428571429,2018-06-03
唯品会,购物,21972,104453340.0,103949509.0,503831.0,719758.571428571,2018-06-03
中华万年历日历,工具,2272,146810359.0,146505445.0,304914.0,435591.428571429,2018-06-03
美颜相机,摄影,229226,178488110.0,177911491.0,576619.0,823741.428571429,2018-06-03
360超级ROOT-深度优化手机,工具,2304476,158080288.0,157962744.0,117544.0,167920.0,2018-06-03
喜马拉雅FM,视频,236026,90867996.0,90655338.0,212658.0,303797.142857143,2018-06-03
驾考宝典,教育学习,2378,116280190.0,116099353.0,180837.0,258338.571428571,2018-06-03
随手电筒,工具,246564,96295432.0,96276806.0,18626.0,26608.5714285714,2018-06-03
单机斗地主-不占流量,游戏,263710,200781801.0,200586619.0,195182.0,278831.428571429,2018-06-03
网易新闻,阅读,2744,91017110.0,90708168.0,308942.0,441345.714285714,2018-06-03
相机360,摄影,2747,104681242.0,104647273.0,33969.0,48527.1428571429,2018-06-03
爱奇艺,视频,2751,582421187.0,580390114.0,2031073.0,2901532.85714286,2018-06-03
书旗小说,阅读,2926,134237652.0,134011397.0,226255.0,323221.428571429,2018-06-03
网易有道词典,教育学习,2927,192798337.0,192599218.0,199119.0,284455.714285714,2018-06-03
携程旅行,出行,2947,136777796.0,136347404.0,430392.0,614845.714285714,2018-06-03
花椒直播-美颜椒友疯狂卖萌,社交,2981222,121781783.0,121456965.0,324818.0,464025.714285714,2018-06-03
王者荣耀,游戏,3073428,200104276.0,196816736.0,3287540.0,4696485.71428571,2018-06-03
快手,视频,3536,162814361.0,160462073.0,2352288.0,3360411.42857143,2018-06-03
手机淘宝,育儿母婴,3570,899060791.0,897476385.0,1584406.0,2263437.14285714,2018-06-03
ES文件浏览器,系统,3571,90940459.0,90896808.0,43651.0,62358.5714285714,2018-06-03
优酷,视频,3581,790390959.0,788467187.0,1923772.0,2748245.71428571,2018-06-03
蔚蓝小说,阅读,3885739,113732619.0,111774832.0,1957787.0,2796838.57142857,2018-06-03
小说,阅读,3894208,81834359.0,79717847.0,2116512.0,3023588.57142857,2018-06-03
免费小说,阅读,3937914,82109756.0,79992900.0,2116856.0,3024080.0,2018-06-03
电子书,阅读,3963018,74661252.0,72202869.0,2458383.0,3511975.71428571,2018-06-03
有声小说,阅读,3963330,96081783.0,93846857.0,2234926.0,3192751.42857143,2018-06-03
YY,视频,4067,118342386.0,117911995.0,430391.0,614844.285714286,2018-06-03
土豆视频,视频,4107,113938060.0,113860590.0,77470.0,110671.428571429,2018-06-03
途牛旅游,出行,43299,145618161.0,145511211.0,106950.0,152785.714285714,2018-06-03
酷狗音乐,视频,433,1143955570.0,1142281958.0,1673612.0,2390874.28571429,2018-06-03
多米音乐,视频,44,97414101.0,97372459.0,41642.0,59488.5714285714,2018-06-03
QQ音乐,视频,4498,147672696.0,146752670.0,920026.0,1314322.85714286,2018-06-03
大众点评,生活服务,4674,173076120.0,172839814.0,236306.0,337580.0,2018-06-03
陌陌,社交,48,244935129.0,244485420.0,449709.0,642441.428571429,2018-06-03
蜻蜓FM,视频,51178,91923281.0,91744696.0,178585.0,255121.428571429,2018-06-03
我查查,工具,537,161023716.0,160975584.0,48132.0,68760.0,2018-06-03
微信,社交,5427,813534640.0,806757260.0,6777380.0,9681971.42857143,2018-06-03
58同城,便捷生活,5576,89360013.0,88833548.0,526465.0,752092.857142857,2018-06-03
聚力视频,视频,5632,275222837.0,275042675.0,180162.0,257374.285714286,2018-06-03
百度,系统,5846,414619524.0,412579900.0,2039624.0,2913748.57142857,2018-06-03
天气通,工具,6209,94245804.0,94214124.0,31680.0,45257.1428571429,2018-06-03
谷歌拼音,系统,6224,126874982.0,126817068.0,57914.0,82734.2857142857,2018-06-03
乐视视频,视频,6276,258214762.0,258072849.0,141913.0,202732.857142857,2018-06-03
谷歌Gmail,办公商务,6411,93355318.0,93314526.0,40792.0,58274.2857142857,2018-06-03
驾校一点通,教育学习,6533,119813105.0,97764815.0,22048290.0,31497557.1428571,2018-06-03
咪咕阅读,阅读,6536,136222390.0,133503420.0,2718970.0,3884242.85714286,2018-06-03
飞信,社交,7372,95052018.0,95039025.0,12993.0,18561.4285714286,2018-06-03
百度地图,出行,7655,579150585.0,578339023.0,811562.0,1159374.28571429,2018-06-03
植物大战僵尸2高清版,游戏,771431,219493630.0,218936878.0,556752.0,795360.0,2018-06-03
360手机卫士-一键连免费wifi,系统,77208,1933947924.0,1928994681.0,4953243.0,7076061.42857143,2018-06-03
360影视大全,视频,778702,425401773.0,424575399.0,826374.0,1180534.28571429,2018-06-03
QQ,社交,7953,800296614.0,798580500.0,1716114.0,2451591.42857143,2018-06-03
华为手机文件管理器,办公商务,796062,106262435.0,105770581.0,491854.0,702648.571428571,2018-06-03
QQ空间,社交,8015,133930946.0,133869495.0,61451.0,87787.1428571429,2018-06-03
ogle 文字转语音,系统,885077,118893234.0,118861765.0,31469.0,44955.7142857143,2018-06-03
WiFi万能钥匙,系统,88761,1012438190.0,1008942064.0,3496126.0,4994465.71428571,2018-06-03
HP Print Service 插件,系统,890932,113517579.0,113352123.0,165456.0,236365.714285714,2018-06-03
360天气,工具,92235,119351661.0,119306344.0,45317.0,64738.5714285714,2018-06-03
中国建设银行,理财,9347,110521973.0,109842799.0,679174.0,970248.571428571,2018-06-03
去哪儿旅行,出行,944,124212475.0,123813964.0,398511.0,569301.428571429,2018-06-03
360浏览器,系统,95487,677477109.0,674978202.0,2498907.0,3569867.14285714,2018-06-03
360手机助手,工具,100084,273796395.0,273443948.0,352447.0,377621.785714286,2018-07-01
人民日报,阅读,101273,93406204.0,90787072.0,2619132.0,2806212.85714286,2018-07-01
风行视频,视频,101594,92699682.0,92673794.0,25888.0,27737.1428571429,2018-07-01
作业帮,教育学习,1027306,84089828.0,83061251.0,1028577.0,1102046.78571429,2018-07-01
高德地图,出行,1038,477326199.0,474346987.0,2979212.0,3192012.85714286,2018-07-01
手电筒,工具,1066354,104850901.0,104835719.0,15182.0,16266.4285714286,2018-07-01
美团,便捷生活,1068,321800810.0,320858049.0,942761.0,1010101.07142857,2018-07-01
QQ浏览器,系统,1079,450859916.0,449768816.0,1091100.0,1169035.71428571,2018-07-01
阿里星球,视频,1088,330145254.0,330139368.0,5886.0,6306.42857142857,2018-07-01
铃声多多,视频,111237,209982779.0,209476936.0,505843.0,541974.642857143,2018-07-01
掌阅iReader,阅读,1152,174211626.0,173954230.0,257396.0,275781.428571429,2018-07-01
讯飞输入法,社交,1167,348144613.0,347125252.0,1019361.0,1092172.5,2018-07-01
百度视频,视频,12272,165458678.0,165361917.0,96761.0,103672.5,2018-07-01
Flipboard,阅读,123565,114139202.0,114049003.0,90199.0,96641.7857142857,2018-07-01
唱吧,视频,125088,110856403.0,110748327.0,108076.0,115795.714285714,2018-07-01
今日头条,视频,141843,351400159.0,349196627.0,2203532.0,2360927.14285714,2018-07-01
墨迹天气,工具,1433,428653183.0,427713960.0,939223.0,1006310.35714286,2018-07-01
360桌面,系统,1438,261778512.0,261700625.0,77887.0,83450.3571428571,2018-07-01
鲁大师,系统,147287,99639513.0,98875952.0,763561.0,818101.071428571,2018-07-01
三星打印服务插件,系统,1557729,115393132.0,115273946.0,119186.0,127699.285714286,2018-07-01
360省电王,系统,1569,197718672.0,197651528.0,67144.0,71940.0,2018-07-01
搜狐视频,视频,1586,235671634.0,235370934.0,300700.0,322178.571428571,2018-07-01
手机京东,育儿母婴,1588,176475729.0,175045882.0,1429847.0,1531978.92857143,2018-07-01
开心消消乐,游戏,1625930,424271590.0,423059846.0,1211744.0,1298297.14285714,2018-07-01
酷我音乐,视频,1656,414108822.0,413010215.0,1098607.0,1177078.92857143,2018-07-01
360清理大师,系统,1781604,200784790.0,199696193.0,1088597.0,1166353.92857143,2018-07-01
搜狐新闻,阅读,1849,99329100.0,99047807.0,281293.0,301385.357142857,2018-07-01
滴滴出行,出行,185732,156019298.0,155236484.0,782814.0,838729.285714286,2018-07-01
平安普惠,理财,1937214,269219973.0,233028168.0,36191805.0,38776933.9285714,2018-07-01
支付宝,理财,1939,698944925.0,696664291.0,2280634.0,2443536.42857143,2018-07-01
腾讯新闻,阅读,19467,324185388.0,323322489.0,862899.0,924534.642857143,2018-07-01
360免费WiFi,系统,1954941,252858924.0,252570533.0,288391.0,308990.357142857,2018-07-01
美图秀秀,摄影,1977,413914153.0,413249318.0,664835.0,712323.214285714,2018-07-01
微博,阅读,2012,701952648.0,699752026.0,2200622.0,2357809.28571429,2018-07-01
咪咕音乐,视频,201224,102555413.0,98733186.0,3822227.0,4095243.21428571,2018-07-01
UC浏览器,系统,2058,696270864.0,694619134.0,1651730.0,1769710.71428571,2018-07-01
腾讯视频,视频,2087,458339482.0,455272853.0,3066629.0,3285673.92857143,2018-07-01
QQ邮箱,办公商务,209310,134566798.0,134334571.0,232227.0,248814.642857143,2018-07-01
唯品会,购物,21972,105086772.0,104599823.0,486949.0,521731.071428571,2018-07-01
中华万年历日历,工具,2272,147177881.0,146901903.0,275978.0,295690.714285714,2018-07-01
美颜相机,摄影,229226,179345657.0,178656084.0,689573.0,738828.214285714,2018-07-01
360超级ROOT-深度优化手机,工具,2304476,158254776.0,158116233.0,138543.0,148438.928571429,2018-07-01
喜马拉雅FM,视频,236026,91322896.0,90971484.0,351412.0,376512.857142857,2018-07-01
驾考宝典,教育学习,2378,117191636.0,116535046.0,656590.0,703489.285714286,2018-07-01
随手电筒,工具,246564,96330845.0,96305619.0,25226.0,27027.8571428571,2018-07-01
单机斗地主-不占流量,游戏,263710,201259016.0,200893460.0,365556.0,391667.142857143,2018-07-01
网易新闻,阅读,2744,91414825.0,91129575.0,285250.0,305625.0,2018-07-01
相机360,摄影,2747,104745220.0,104693938.0,51282.0,54945.0,2018-07-01
爱奇艺,视频,2751,586639778.0,583438064.0,3201714.0,3430407.85714286,2018-07-01
书旗小说,阅读,2926,134605379.0,134325787.0,279592.0,299562.857142857,2018-07-01
网易有道词典,教育学习,2927,193129327.0,192840364.0,288963.0,309603.214285714,2018-07-01
携程旅行,出行,2947,137548857.0,137051750.0,497107.0,532614.642857143,2018-07-01
花椒直播-美颜椒友疯狂卖萌,社交,2981222,122353670.0,121899209.0,454461.0,486922.5,2018-07-01
王者荣耀,游戏,3073428,207148710.0,201798608.0,5350102.0,5732252.14285714,2018-07-01
快手,视频,3536,167004730.0,163801729.0,3203001.0,3431786.78571429,2018-07-01
手机淘宝,育儿母婴,3570,903500029.0,900153418.0,3346611.0,3585654.64285714,2018-07-01
ES文件浏览器,系统,3571,91002925.0,90949857.0,53068.0,56858.5714285714,2018-07-01
优酷,视频,3581,793732164.0,791042147.0,2690017.0,2882161.07142857,2018-07-01
国金期货,理财,3738906,15715240.0,151028.0,15564212.0,16675941.4285714,2018-07-01
蔚蓝小说,阅读,3885739,116762095.0,114434589.0,2327506.0,2493756.42857143,2018-07-01
小说,阅读,3894208,84927294.0,82577420.0,2349874.0,2517722.14285714,2018-07-01
免费小说,阅读,3937914,85045343.0,82739544.0,2305799.0,2470498.92857143,2018-07-01
电子书,阅读,3963018,78306419.0,75519864.0,2786555.0,2985594.64285714,2018-07-01
有声小说,阅读,3963330,98939483.0,96727182.0,2212301.0,2370322.5,2018-07-01
YY,视频,4067,118917801.0,118476479.0,441322.0,472845.0,2018-07-01
土豆视频,视频,4107,114078342.0,113962010.0,116332.0,124641.428571429,2018-07-01
途牛旅游,出行,43299,145788604.0,145661992.0,126612.0,135655.714285714,2018-07-01
酷狗音乐,视频,433,1147905901.0,1144514746.0,3391155.0,3633380.35714286,2018-07-01
多米音乐,视频,44,97496179.0,97433239.0,62940.0,67435.7142857143,2018-07-01
QQ音乐,视频,4498,149653597.0,148377247.0,1276350.0,1367517.85714286,2018-07-01
大众点评,生活服务,4674,173415691.0,173189399.0,226292.0,242455.714285714,2018-07-01
陌陌,社交,48,245703042.0,245108205.0,594837.0,637325.357142857,2018-07-01
蜻蜓FM,视频,51178,92219672.0,92000754.0,218918.0,234555.0,2018-07-01
我查查,工具,537,161109456.0,161033146.0,76310.0,81760.7142857143,2018-07-01
微信,社交,5427,820750245.0,815386955.0,5363290.0,5746382.14285714,2018-07-01
58同城,便捷生活,5576,90399137.0,89650844.0,748293.0,801742.5,2018-07-01
聚力视频,视频,5632,275440943.0,275263056.0,177887.0,190593.214285714,2018-07-01
百度,系统,5846,418077375.0,415287704.0,2789671.0,2988933.21428571,2018-07-01
天气通,工具,6209,94327571.0,94275285.0,52286.0,56020.7142857143,2018-07-01
谷歌拼音,系统,6224,126952517.0,126891001.0,61516.0,65910.0,2018-07-01
乐视视频,视频,6276,258440375.0,258254114.0,186261.0,199565.357142857,2018-07-01
谷歌Gmail,办公商务,6411,93461625.0,93368891.0,92734.0,99357.8571428571,2018-07-01
驾校一点通,教育学习,6533,153539926.0,126339754.0,27200172.0,29143041.4285714,2018-07-01
咪咕阅读,阅读,6536,139407096.0,136269523.0,3137573.0,3361685.35714286,2018-07-01
飞信,社交,7372,95070216.0,95055560.0,14656.0,15702.8571428571,2018-07-01
百度地图,出行,7655,580490445.0,579754797.0,735648.0,788194.285714286,2018-07-01
植物大战僵尸2高清版,游戏,771431,220934326.0,219786011.0,1148315.0,1230337.5,2018-07-01
360手机卫士-一键连免费wifi,系统,77208,1949751506.0,1936030487.0,13721019.0,14701091.7857143,2018-07-01
360影视大全,视频,778702,426775713.0,425743810.0,1031903.0,1105610.35714286,2018-07-01
QQ,社交,7953,803407285.0,801059683.0,2347602.0,2515287.85714286,2018-07-01
华为手机文件管理器,办公商务,796062,107017760.0,106433101.0,584659.0,626420.357142857,2018-07-01
QQ空间,社交,8015,134183401.0,134011976.0,171425.0,183669.642857143,2018-07-01
ogle 文字转语音,系统,885077,118942662.0,118902612.0,40050.0,42910.7142857143,2018-07-01
WiFi万能钥匙,系统,88761,1017959877.0,1013719701.0,4240176.0,4543045.71428571,2018-07-01
HP Print Service 插件,系统,890932,113658852.0,113551946.0,106906.0,114542.142857143,2018-07-01
360天气,工具,92235,119465779.0,119366722.0,99057.0,106132.5,2018-07-01
中国建设银行,理财,9347,111701784.0,110939943.0,761841.0,816258.214285714,2018-07-01
去哪儿旅行,出行,944,124622708.0,124349195.0,273513.0,293049.642857143,2018-07-01
360浏览器,系统,95487,680843184.0,678269680.0,2573504.0,2757325.71428571,2018-07-01
360手机助手,工具,100084,274155396.0,273882549.0,272847.0,389781.428571429,2018-08-05
人民日报,阅读,101273,93426022.0,93410779.0,15243.0,21775.7142857143,2018-08-05
风行视频,视频,101594,92722331.0,92708500.0,13831.0,19758.5714285714,2018-08-05
作业帮,教育学习,1027306,84986219.0,84326550.0,659669.0,942384.285714286,2018-08-05
高德地图,出行,1038,479299649.0,477806588.0,1493061.0,2132944.28571429,2018-08-05
手电筒,工具,1066354,104865429.0,104854526.0,10903.0,15575.7142857143,2018-08-05
美团,便捷生活,1068,323011659.0,322184740.0,826919.0,1181312.85714286,2018-08-05
QQ浏览器,系统,1079,452002793.0,451399900.0,602893.0,861275.714285714,2018-08-05
阿里星球,视频,1088,330150843.0,330147011.0,3832.0,5474.28571428571,2018-08-05
铃声多多,视频,111237,210626916.0,210180323.0,446593.0,637990.0,2018-08-05
掌阅iReader,阅读,1152,174465465.0,174271630.0,193835.0,276907.142857143,2018-08-05
讯飞输入法,社交,1167,349147533.0,348556788.0,590745.0,843921.428571429,2018-08-05
百度视频,视频,12272,165548471.0,165489795.0,58676.0,83822.8571428571,2018-08-05
Flipboard,阅读,123565,114226908.0,114157616.0,69292.0,98988.5714285714,2018-08-05
唱吧,视频,125088,110944208.0,110881171.0,63037.0,90052.8571428571,2018-08-05
今日头条,视频,141843,353026541.0,351752952.0,1273589.0,1819412.85714286,2018-08-05
墨迹天气,工具,1433,429359133.0,428902929.0,456204.0,651720.0,2018-08-05
360桌面,系统,1438,261864294.0,261808355.0,55939.0,79912.8571428571,2018-08-05
鲁大师,系统,147287,100459740.0,99871559.0,588181.0,840258.571428571,2018-08-05
三星打印服务插件,系统,1557729,115508022.0,115426890.0,81132.0,115902.857142857,2018-08-05
360省电王,系统,1569,197781942.0,197739497.0,42445.0,60635.7142857143,2018-08-05
搜狐视频,视频,1586,235882081.0,235736548.0,145533.0,207904.285714286,2018-08-05
手机京东,育儿母婴,1588,177903968.0,176990022.0,913946.0,1305637.14285714,2018-08-05
开心消消乐,游戏,1625930,425195719.0,424565776.0,629943.0,899918.571428571,2018-08-05
酷我音乐,视频,1656,415187380.0,414425041.0,762339.0,1089055.71428571,2018-08-05
360清理大师,系统,1781604,201895920.0,201124949.0,770971.0,1101387.14285714,2018-08-05
搜狐新闻,阅读,1849,99571874.0,99408885.0,162989.0,232841.428571429,2018-08-05
滴滴出行,出行,185732,157002621.0,156311802.0,690819.0,986884.285714286,2018-08-05
平安普惠,理财,1937214,314899091.0,281784733.0,33114358.0,47306225.7142857,2018-08-05
支付宝,理财,1939,700856845.0,699690888.0,1165957.0,1665652.85714286,2018-08-05
腾讯新闻,阅读,19467,325311128.0,324576456.0,734672.0,1049531.42857143,2018-08-05
360免费WiFi,系统,1954941,253124148.0,252927584.0,196564.0,280805.714285714,2018-08-05
美图秀秀,摄影,1977,414710647.0,414188172.0,522475.0,746392.857142857,2018-08-05
微博,阅读,2012,703571064.0,702444884.0,1126180.0,1608828.57142857,2018-08-05
咪咕音乐,视频,201224,107918494.0,104820181.0,3098313.0,4426161.42857143,2018-08-05
UC浏览器,系统,2058,697975728.0,696782361.0,1193367.0,1704810.0,2018-08-05
腾讯视频,视频,2087,461231767.0,459013881.0,2217886.0,3168408.57142857,2018-08-05
QQ邮箱,办公商务,209310,134980224.0,134607590.0,372634.0,532334.285714286,2018-08-05
唯品会,购物,21972,105574597.0,105225792.0,348805.0,498292.857142857,2018-08-05
中华万年历日历,工具,2272,147416541.0,147234189.0,182352.0,260502.857142857,2018-08-05
美颜相机,摄影,229226,179891631.0,179492703.0,398928.0,569897.142857143,2018-08-05
360超级ROOT-深度优化手机,工具,2304476,158389042.0,158295091.0,93951.0,134215.714285714,2018-08-05
喜马拉雅FM,视频,236026,91850097.0,91479005.0,371092.0,530131.428571429,2018-08-05
驾考宝典,教育学习,2378,120329666.0,118336102.0,1993564.0,2847948.57142857,2018-08-05
随手电筒,工具,246564,96358942.0,96338894.0,20048.0,28640.0,2018-08-05
单机斗地主-不占流量,游戏,263710,201590359.0,201352019.0,238340.0,340485.714285714,2018-08-05
网易新闻,阅读,2744,91851301.0,91520049.0,331252.0,473217.142857143,2018-08-05
相机360,摄影,2747,104790267.0,104758901.0,31366.0,44808.5714285714,2018-08-05
爱奇艺,视频,2751,590655312.0,587986166.0,2669146.0,3813065.71428571,2018-08-05
书旗小说,阅读,2926,134889801.0,134689393.0,200408.0,286297.142857143,2018-08-05
网易有道词典,教育学习,2927,193324311.0,193169540.0,154771.0,221101.428571429,2018-08-05
携程旅行,出行,2947,138113966.0,137709939.0,404027.0,577181.428571429,2018-08-05
花椒直播-美颜椒友疯狂卖萌,社交,2981222,122783999.0,122494106.0,289893.0,414132.857142857,2018-08-05
王者荣耀,游戏,3073428,212280811.0,208772673.0,3508138.0,5011625.71428571,2018-08-05
快手,视频,3536,169932978.0,167800644.0,2132334.0,3046191.42857143,2018-08-05
手机淘宝,育儿母婴,3570,906158195.0,904191214.0,1966981.0,2809972.85714286,2018-08-05
ES文件浏览器,系统,3571,91109889.0,91038274.0,71615.0,102307.142857143,2018-08-05
优酷,视频,3581,795831437.0,794242586.0,1588851.0,2269787.14285714,2018-08-05
国金期货,理财,3738906,43564404.0,23400825.0,20163579.0,28805112.8571429,2018-08-05
蔚蓝小说,阅读,3885739,119680987.0,117575003.0,2105984.0,3008548.57142857,2018-08-05
小说,阅读,3894208,87893666.0,85749446.0,2144220.0,3063171.42857143,2018-08-05
免费小说,阅读,3937914,87943124.0,85845812.0,2097312.0,2996160.0,2018-08-05
电子书,阅读,3963018,81781226.0,79258999.0,2522227.0,3603181.42857143,2018-08-05
有声小说,阅读,3963330,101744002.0,99717488.0,2026514.0,2895020.0,2018-08-05
YY,视频,4067,119398383.0,119086538.0,311845.0,445492.857142857,2018-08-05
土豆视频,视频,4107,114191863.0,114115062.0,76801.0,109715.714285714,2018-08-05
途牛旅游,出行,43299,145906791.0,145819663.0,87128.0,124468.571428571,2018-08-05
酷狗音乐,视频,433,1150147446.0,1148644874.0,1502572.0,2146531.42857143,2018-08-05
多米音乐,视频,44,97541576.0,97511132.0,30444.0,43491.4285714286,2018-08-05
QQ音乐,视频,4498,151212169.0,150357447.0,854722.0,1221031.42857143,2018-08-05
大众点评,生活服务,4674,173916937.0,173568608.0,348329.0,497612.857142857,2018-08-05
陌陌,社交,48,246228045.0,245867648.0,360397.0,514852.857142857,2018-08-05
蜻蜓FM,视频,51178,92427987.0,92292997.0,134990.0,192842.857142857,2018-08-05
我查查,工具,537,161147776.0,161122314.0,25462.0,36374.2857142857,2018-08-05
微信,社交,5427,827799117.0,822077517.0,5721600.0,8173714.28571429,2018-08-05
58同城,便捷生活,5576,91095904.0,90648972.0,446932.0,638474.285714286,2018-08-05
聚力视频,视频,5632,275746878.0,275538386.0,208492.0,297845.714285714,2018-08-05
百度,系统,5846,420527341.0,418726286.0,1801055.0,2572935.71428571,2018-08-05
天气通,工具,6209,94365932.0,94337245.0,28687.0,40981.4285714286,2018-08-05
谷歌拼音,系统,6224,127008772.0,126969038.0,39734.0,56762.8571428571,2018-08-05
乐视视频,视频,6276,258615758.0,258483341.0,132417.0,189167.142857143,2018-08-05
谷歌Gmail,办公商务,6411,93548642.0,93482797.0,65845.0,94064.2857142857,2018-08-05
驾校一点通,教育学习,6533,153590119.0,153552011.0,38108.0,54440.0,2018-08-05
咪咕阅读,阅读,6536,141872370.0,139894185.0,1978185.0,2825978.57142857,2018-08-05
飞信,社交,7372,95085024.0,95074527.0,10497.0,14995.7142857143,2018-08-05
百度地图,出行,7655,582038406.0,580656721.0,1381685.0,1973835.71428571,2018-08-05
植物大战僵尸2高清版,游戏,771431,222081216.0,221229833.0,851383.0,1216261.42857143,2018-08-05
360手机卫士-一键连免费wifi,系统,77208,1979188979.0,1957052295.0,22136684.0,31623834.2857143,2018-08-05
360影视大全,视频,778702,427863918.0,427071234.0,792684.0,1132405.71428571,2018-08-05
QQ,社交,7953,805666346.0,804021144.0,1645202.0,2350288.57142857,2018-08-05
华为手机文件管理器,办公商务,796062,107568701.0,107175183.0,393518.0,562168.571428571,2018-08-05
QQ空间,社交,8015,134345495.0,134223063.0,122432.0,174902.857142857,2018-08-05
ogle 文字转语音,系统,885077,118979132.0,118952222.0,26910.0,38442.8571428571,2018-08-05
WiFi万能钥匙,系统,88761,1022052407.0,1019099125.0,2953282.0,4218974.28571429,2018-08-05
HP Print Service 插件,系统,890932,113761164.0,113685871.0,75293.0,107561.428571429,2018-08-05
360天气,工具,92235,119556655.0,119483666.0,72989.0,104270.0,2018-08-05
中国建设银行,理财,9347,112302886.0,112009464.0,293422.0,419174.285714286,2018-08-05
去哪儿旅行,出行,944,124985512.0,124780709.0,204803.0,292575.714285714,2018-08-05
360浏览器,系统,95487,684352247.0,682143813.0,2208434.0,3154905.71428571,2018-08-05
360手机助手,工具,100084,274419851.0,274224987.0,194864.0,208782.857142857,2018-09-02
人民日报,阅读,101273,93449690.0,93430645.0,19045.0,20405.3571428571,2018-09-02
风行视频,视频,101594,92761945.0,92731892.0,30053.0,32199.6428571429,2018-09-02
作业帮,教育学习,1027306,86941033.0,85403260.0,1537773.0,1647613.92857143,2018-09-02
高德地图,出行,1038,482145528.0,479890550.0,2254978.0,2416047.85714286,2018-09-02
手电筒,工具,1066354,104880952.0,104868751.0,12201.0,13072.5,2018-09-02
美团,便捷生活,1068,324134742.0,323214937.0,919805.0,985505.357142857,2018-09-02
QQ浏览器,系统,1079,453867312.0,452528918.0,1338394.0,1433993.57142857,2018-09-02
阿里星球,视频,1088,330158941.0,330152498.0,6443.0,6903.21428571429,2018-09-02
铃声多多,视频,111237,211264164.0,210778728.0,485436.0,520110.0,2018-09-02
掌阅iReader,阅读,1152,174721390.0,174514468.0,206922.0,221702.142857143,2018-09-02
讯飞输入法,社交,1167,350522192.0,349610989.0,911203.0,976288.928571429,2018-09-02
百度视频,视频,12272,165644980.0,165576198.0,68782.0,73695.0,2018-09-02
Flipboard,阅读,123565,114339419.0,114247385.0,92034.0,98607.8571428571,2018-09-02
唱吧,视频,125088,111055431.0,110962324.0,93107.0,99757.5,2018-09-02
今日头条,视频,141843,355686818.0,353579976.0,2106842.0,2257330.71428571,2018-09-02
墨迹天气,工具,1433,430123655.0,429561841.0,561814.0,601943.571428571,2018-09-02
360桌面,系统,1438,261950658.0,261879668.0,70990.0,76060.7142857143,2018-09-02
鲁大师,系统,147287,101455815.0,100687115.0,768700.0,823607.142857143,2018-09-02
三星打印服务插件,系统,1557729,115630330.0,115539361.0,90969.0,97466.7857142857,2018-09-02
360省电王,系统,1569,197852315.0,197800423.0,51892.0,55598.5714285714,2018-09-02
搜狐视频,视频,1586,236171261.0,235952419.0,218842.0,234473.571428571,2018-09-02
手机京东,育儿母婴,1588,179782315.0,178431608.0,1350707.0,1447186.07142857,2018-09-02
开心消消乐,游戏,1625930,426337480.0,425540639.0,796841.0,853758.214285714,2018-09-02
酷我音乐,视频,1656,416427535.0,415433308.0,994227.0,1065243.21428571,2018-09-02
360清理大师,系统,1781604,203268348.0,202181239.0,1087109.0,1164759.64285714,2018-09-02
搜狐新闻,阅读,1849,99900406.0,99626398.0,274008.0,293580.0,2018-09-02
滴滴出行,出行,185732,157931232.0,157101560.0,829672.0,888934.285714286,2018-09-02
平安普惠,理财,1937214,371745273.0,327008835.0,44736438.0,47931897.8571429,2018-09-02
支付宝,理财,1939,704529877.0,701356635.0,3173242.0,3399902.14285714,2018-09-02
腾讯新闻,阅读,19467,326848328.0,325629010.0,1219318.0,1306412.14285714,2018-09-02
360免费WiFi,系统,1954941,253446995.0,253192496.0,254499.0,272677.5,2018-09-02
美图秀秀,摄影,1977,415647182.0,414911679.0,735503.0,788038.928571429,2018-09-02
微博,阅读,2012,705354328.0,703972628.0,1381700.0,1480392.85714286,2018-09-02
咪咕音乐,视频,201224,112627863.0,108597215.0,4030648.0,4318551.42857143,2018-09-02
UC浏览器,系统,2058,699838116.0,698326654.0,1511462.0,1619423.57142857,2018-09-02
腾讯视频,视频,2087,463975167.0,462076404.0,1898763.0,2034388.92857143,2018-09-02
QQ邮箱,办公商务,209310,135597520.0,135031714.0,565806.0,606220.714285714,2018-09-02
唯品会,购物,21972,106109297.0,105703576.0,405721.0,434701.071428571,2018-09-02
中华万年历日历,工具,2272,147660692.0,147484484.0,176208.0,188794.285714286,2018-09-02
美颜相机,摄影,229226,180467218.0,180037962.0,429256.0,459917.142857143,2018-09-02
360超级ROOT-深度优化手机,工具,2304476,158523929.0,158424084.0,99845.0,106976.785714286,2018-09-02
喜马拉雅FM,视频,236026,92500099.0,92021367.0,478732.0,512927.142857143,2018-09-02
驾考宝典,教育学习,2378,124430278.0,121698556.0,2731722.0,2926845.0,2018-09-02
百度贴吧,社交,2461,98243200.0,97991266.0,251934.0,269929.285714286,2018-09-02
随手电筒,工具,246564,96384594.0,96366372.0,18222.0,19523.5714285714,2018-09-02
单机斗地主-不占流量,游戏,263710,202002249.0,201696117.0,306132.0,327998.571428571,2018-09-02
网易新闻,阅读,2744,92480009.0,91982213.0,497796.0,533352.857142857,2018-09-02
相机360,摄影,2747,104845216.0,104803140.0,42076.0,45081.4285714286,2018-09-02
爱奇艺,视频,2751,594003612.0,591423001.0,2580611.0,2764940.35714286,2018-09-02
书旗小说,阅读,2926,135240838.0,134957720.0,283118.0,303340.714285714,2018-09-02
网易有道词典,教育学习,2927,193588835.0,193368703.0,220132.0,235855.714285714,2018-09-02
携程旅行,出行,2947,138706174.0,138194747.0,511427.0,547957.5,2018-09-02
花椒直播-美颜椒友疯狂卖萌,社交,2981222,123162035.0,122869786.0,292249.0,313123.928571429,2018-09-02
快手,视频,3536,172753786.0,170782361.0,1971425.0,2112241.07142857,2018-09-02
手机淘宝,育儿母婴,3570,909902471.0,906687507.0,3214964.0,3444604.28571429,2018-09-02
ES文件浏览器,系统,3571,91203820.0,91146743.0,57077.0,61153.9285714286,2018-09-02
优酷,视频,3581,798317744.0,796263199.0,2054545.0,2201298.21428571,2018-09-02
国金期货,理财,3738906,75514873.0,48444055.0,27070818.0,29004447.8571429,2018-09-02
蔚蓝小说,阅读,3885739,123310578.0,120451401.0,2859177.0,3063403.92857143,2018-09-02
小说,阅读,3894208,91586299.0,88677104.0,2909195.0,3116994.64285714,2018-09-02
免费小说,阅读,3937914,91557835.0,88710074.0,2847761.0,3051172.5,2018-09-02
电子书,阅读,3963018,86104744.0,82703511.0,3401233.0,3644178.21428571,2018-09-02
有声小说,阅读,3963330,105244295.0,102484881.0,2759414.0,2956515.0,2018-09-02
YY,视频,4067,119954462.0,119524448.0,430014.0,460729.285714286,2018-09-02
土豆视频,视频,4107,114287992.0,114220239.0,67753.0,72592.5,2018-09-02
途牛旅游,出行,43299,146069850.0,145942709.0,127141.0,136222.5,2018-09-02
酷狗音乐,视频,433,1152605854.0,1150626936.0,1978918.0,2120269.28571429,2018-09-02
多米音乐,视频,44,97581988.0,97552093.0,29895.0,32030.3571428571,2018-09-02
QQ音乐,视频,4498,152535962.0,151456566.0,1079396.0,1156495.71428571,2018-09-02
大众点评,生活服务,4674,174385169.0,174059144.0,326025.0,349312.5,2018-09-02
陌陌,社交,48,246828688.0,246360433.0,468255.0,501701.785714286,2018-09-02
蜻蜓FM,视频,51178,92731857.0,92503752.0,228105.0,244398.214285714,2018-09-02
我查查,工具,537,161229090.0,161154941.0,74149.0,79445.3571428571,2018-09-02
微信,社交,5427,835107344.0,829601634.0,5505710.0,5898975.0,2018-09-02
58同城,便捷生活,5576,91880389.0,91235657.0,644732.0,690784.285714286,2018-09-02
聚力视频,视频,5632,276097541.0,275818114.0,279427.0,299386.071428571,2018-09-02
百度,系统,5846,423666273.0,421458573.0,2207700.0,2365392.85714286,2018-09-02
天气通,工具,6209,94447106.0,94380382.0,66724.0,71490.0,2018-09-02
谷歌拼音,系统,6224,127065963.0,127023274.0,42689.0,45738.2142857143,2018-09-02
乐视视频,视频,6276,258784721.0,258657478.0,127243.0,136331.785714286,2018-09-02
谷歌Gmail,办公商务,6411,93648537.0,93564105.0,84432.0,90462.8571428571,2018-09-02
驾校一点通,教育学习,6533,153652451.0,153599914.0,52537.0,56289.6428571429,2018-09-02
咪咕阅读,阅读,6536,145612751.0,142392456.0,3220295.0,3450316.07142857,2018-09-02
飞信,社交,7372,95101727.0,95089275.0,12452.0,13341.4285714286,2018-09-02
百度地图,出行,7655,583172593.0,582273757.0,898836.0,963038.571428571,2018-09-02
植物大战僵尸2高清版,游戏,771431,223048915.0,222368213.0,680702.0,729323.571428571,2018-09-02
360手机卫士-一键连免费wifi,系统,77208,2020727575.0,1987949478.0,32778097.0,35119389.6428571,2018-09-02
360影视大全,视频,778702,428921382.0,428100109.0,821273.0,879935.357142857,2018-09-02
QQ,社交,7953,808029540.0,806379894.0,1649646.0,1767477.85714286,2018-09-02
华为手机文件管理器,办公商务,796062,108165356.0,107706048.0,459308.0,492115.714285714,2018-09-02
QQ空间,社交,8015,134536068.0,134414391.0,121677.0,130368.214285714,2018-09-02
ogle 文字转语音,系统,885077,119018257.0,118989097.0,29160.0,31242.8571428571,2018-09-02
WiFi万能钥匙,系统,88761,1026895889.0,1023154717.0,3741172.0,4008398.57142857,2018-09-02
HP Print Service 插件,系统,890932,113840173.0,113783805.0,56368.0,60394.2857142857,2018-09-02
360天气,工具,92235,119636963.0,119582902.0,54061.0,57922.5,2018-09-02
中国建设银行,理财,9347,113261342.0,112593746.0,667596.0,715281.428571429,2018-09-02
去哪儿旅行,出行,944,125529760.0,125127972.0,401788.0,430487.142857143,2018-09-02
360浏览器,系统,95487,686971416.0,684940396.0,2031020.0,2176092.85714286,2018-09-02
360手机助手,工具,100084,274549570.0,274517762.0,31808.0,136320.0,2018-10-14
人民日报,阅读,101273,93458362.0,93455887.0,2475.0,10607.1428571429,2018-10-14
风行视频,视频,101594,92773659.0,92769702.0,3957.0,16958.5714285714,2018-10-14
作业帮,教育学习,1027306,87943260.0,87710078.0,233182.0,999351.428571429,2018-10-14
高德地图,出行,1038,482908740.0,482734584.0,174156.0,746382.857142857,2018-10-14
手电筒,工具,1066354,104892493.0,104887074.0,5419.0,23224.2857142857,2018-10-14
美团,便捷生活,1068,324625065.0,324392915.0,232150.0,994928.571428571,2018-10-14
QQ浏览器,系统,1079,454392242.0,454272053.0,120189.0,515095.714285714,2018-10-14
阿里星球,视频,1088,330162644.0,330161581.0,1063.0,4555.71428571429,2018-10-14
铃声多多,视频,111237,211606890.0,211462048.0,144842.0,620751.428571429,2018-10-14
掌阅iReader,阅读,1152,174824938.0,174793586.0,31352.0,134365.714285714,2018-10-14
讯飞输入法,社交,1167,350938871.0,350837345.0,101526.0,435111.428571429,2018-10-14
百度视频,视频,12272,165697076.0,165668774.0,28302.0,121294.285714286,2018-10-14
Flipboard,阅读,123565,114383056.0,114364176.0,18880.0,80914.2857142857,2018-10-14
唱吧,视频,125088,111103270.0,111082153.0,21117.0,90501.4285714286,2018-10-14
今日头条,视频,141843,357093805.0,356675766.0,418039.0,1791595.71428571,2018-10-14
墨迹天气,工具,1433,430408101.0,430277916.0,130185.0,557935.714285714,2018-10-14
360桌面,系统,1438,261997651.0,261985408.0,12243.0,52470.0,2018-10-14
鲁大师,系统,147287,101895472.0,101773274.0,122198.0,523705.714285714,2018-10-14
三星打印服务插件,系统,1557729,115694131.0,115674297.0,19834.0,85002.8571428571,2018-10-14
360省电王,系统,1569,197886969.0,197876363.0,10606.0,45454.2857142857,2018-10-14
搜狐视频,视频,1586,236377759.0,236302789.0,74970.0,321300.0,2018-10-14
手机京东,育儿母婴,1588,180569050.0,180171360.0,397690.0,1704385.71428571,2018-10-14
开心消消乐,游戏,1625930,426904216.0,426755734.0,148482.0,636351.428571429,2018-10-14
酷我音乐,视频,1656,416989838.0,416799694.0,190144.0,814902.857142857,2018-10-14
360清理大师,系统,1781604,204522271.0,204151736.0,370535.0,1588007.14285714,2018-10-14
滴滴出行,出行,185732,158283842.0,158112530.0,171312.0,734194.285714286,2018-10-14
平安普惠,理财,1937214,403208278.0,392770422.0,10437856.0,44733668.5714286,2018-10-14
支付宝,理财,1939,705960187.0,705283833.0,676354.0,2898660.0,2018-10-14
腾讯新闻,阅读,19467,327591337.0,327385724.0,205613.0,881198.571428571,2018-10-14
360免费WiFi,系统,1954941,253601165.0,253553989.0,47176.0,202182.857142857,2018-10-14
美图秀秀,摄影,1977,415970306.0,415845687.0,124619.0,534081.428571429,2018-10-14
微博,阅读,2012,705924876.0,705710607.0,214269.0,918295.714285714,2018-10-14
咪咕音乐,视频,201224,115395830.0,114524484.0,871346.0,3734340.0,2018-10-14
UC浏览器,系统,2058,701021994.0,700604327.0,417667.0,1790001.42857143,2018-10-14
腾讯视频,视频,2087,465559032.0,465019566.0,539466.0,2311997.14285714,2018-10-14
QQ邮箱,办公商务,209310,135731747.0,135693206.0,38541.0,165175.714285714,2018-10-14
唯品会,购物,21972,106377414.0,106284718.0,92696.0,397268.571428571,2018-10-14
中华万年历日历,工具,2272,147745403.0,147720348.0,25055.0,107378.571428571,2018-10-14
美颜相机,摄影,229226,180766162.0,180664244.0,101918.0,436791.428571429,2018-10-14
360超级ROOT-深度优化手机,工具,2304476,158597745.0,158575410.0,22335.0,95721.4285714286,2018-10-14
喜马拉雅FM,视频,236026,92838844.0,92752944.0,85900.0,368142.857142857,2018-10-14
驾考宝典,教育学习,2378,125949885.0,124859426.0,1090459.0,4673395.71428571,2018-10-14
百度贴吧,社交,2461,98383455.0,98321794.0,61661.0,264261.428571429,2018-10-14
随手电筒,工具,246564,96403521.0,96395110.0,8411.0,36047.1428571429,2018-10-14
单机斗地主-不占流量,游戏,263710,202194039.0,202151887.0,42152.0,180651.428571429,2018-10-14
网易新闻,阅读,2744,92715735.0,92632449.0,83286.0,356940.0,2018-10-14
相机360,摄影,2747,104865706.0,104857482.0,8224.0,35245.7142857143,2018-10-14
爱奇艺,视频,2751,595700019.0,595025637.0,674382.0,2890208.57142857,2018-10-14
书旗小说,阅读,2926,135454580.0,135394228.0,60352.0,258651.428571429,2018-10-14
网易有道词典,教育学习,2927,193689120.0,193657433.0,31687.0,135801.428571429,2018-10-14
携程旅行,出行,2947,138904736.0,138858881.0,45855.0,196521.428571429,2018-10-14
花椒直播-美颜椒友疯狂卖萌,社交,2981222,123380577.0,123301596.0,78981.0,338490.0,2018-10-14
快手,视频,3536,174928883.0,174202304.0,726579.0,3113910.0,2018-10-14
手机淘宝,育儿母婴,3570,911970907.0,911135243.0,835664.0,3581417.14285714,2018-10-14
ES文件浏览器,系统,3571,91229696.0,91222188.0,7508.0,32177.1428571429,2018-10-14
优酷,视频,3581,799600415.0,799224628.0,375787.0,1610515.71428571,2018-10-14
国金期货,理财,3738906,79974826.0,76684264.0,3290562.0,14102408.5714286,2018-10-14
蔚蓝小说,阅读,3885739,125249914.0,124605478.0,644436.0,2761868.57142857,2018-10-14
小说,阅读,3894208,93588268.0,92933943.0,654325.0,2804250.0,2018-10-14
免费小说,阅读,3937914,93487584.0,92846436.0,641148.0,2747777.14285714,2018-10-14
电子书,阅读,3963018,88309000.0,87618027.0,690973.0,2961312.85714286,2018-10-14
有声小说,阅读,3963330,107151120.0,106467370.0,683750.0,2930357.14285714,2018-10-14
YY,视频,4067,120056839.0,120020407.0,36432.0,156137.142857143,2018-10-14
土豆视频,视频,4107,114335784.0,114313058.0,22726.0,97397.1428571429,2018-10-14
途牛旅游,出行,43299,146161440.0,146132035.0,29405.0,126021.428571429,2018-10-14
酷狗音乐,视频,433,1153797542.0,1153482643.0,314899.0,1349567.14285714,2018-10-14
多米音乐,视频,44,97601816.0,97595743.0,6073.0,26027.1428571429,2018-10-14
QQ音乐,视频,4498,153354209.0,152955988.0,398221.0,1706661.42857143,2018-10-14
大众点评,生活服务,4674,174540051.0,174492182.0,47869.0,205152.857142857,2018-10-14
陌陌,社交,48,247122981.0,247022968.0,100013.0,428627.142857143,2018-10-14
蜻蜓FM,视频,51178,92848327.0,92813723.0,34604.0,148302.857142857,2018-10-14
我查查,工具,537,161250932.0,161244934.0,5998.0,25705.7142857143,2018-10-14
微信,社交,5427,839547139.0,838609915.0,937224.0,4016674.28571429,2018-10-14
58同城,便捷生活,5576,92676400.0,92409563.0,266837.0,1143587.14285714,2018-10-14
聚力视频,视频,5632,276267040.0,276212626.0,54414.0,233202.857142857,2018-10-14
百度,系统,5846,425155977.0,424813741.0,342236.0,1466725.71428571,2018-10-14
天气通,工具,6209,94471669.0,94464181.0,7488.0,32091.4285714286,2018-10-14
谷歌拼音,系统,6224,127095170.0,127086371.0,8799.0,37710.0,2018-10-14
乐视视频,视频,6276,258865272.0,258838989.0,26283.0,112641.428571429,2018-10-14
谷歌Gmail,办公商务,6411,93711996.0,93688894.0,23102.0,99008.5714285714,2018-10-14
驾校一点通,教育学习,6533,153682789.0,153671727.0,11062.0,47408.5714285714,2018-10-14
咪咕阅读,阅读,6536,147527116.0,146586869.0,940247.0,4029630.0,2018-10-14
飞信,社交,7372,95111076.0,95108417.0,2659.0,11395.7142857143,2018-10-14
百度地图,出行,7655,583524478.0,583441371.0,83107.0,356172.857142857,2018-10-14
植物大战僵尸2高清版,游戏,771431,223629989.0,223459001.0,170988.0,732805.714285714,2018-10-14
360手机卫士-一键连免费wifi,系统,77208,2053657500.0,2043126606.0,10530894.0,45132402.8571429,2018-10-14
360影视大全,视频,778702,429692135.0,429462881.0,229254.0,982517.142857143,2018-10-14
QQ,社交,7953,808918976.0,808699194.0,219782.0,941922.857142857,2018-10-14
华为手机文件管理器,办公商务,796062,108466471.0,108377480.0,88991.0,381390.0,2018-10-14
QQ空间,社交,8015,134599049.0,134583948.0,15101.0,64718.5714285714,2018-10-14
ogle 文字转语音,系统,885077,119039629.0,119033150.0,6479.0,27767.1428571429,2018-10-14
WiFi万能钥匙,系统,88761,1029402469.0,1028396607.0,1005862.0,4310837.14285714,2018-10-14
HP Print Service 插件,系统,890932,113880370.0,113870505.0,9865.0,42278.5714285714,2018-10-14
360天气,工具,92235,119663691.0,119655139.0,8552.0,36651.4285714286,2018-10-14
中国建设银行,理财,9347,113634580.0,113567946.0,66634.0,285574.285714286,2018-10-14
去哪儿旅行,出行,944,125726244.0,125664848.0,61396.0,263125.714285714,2018-10-14
360浏览器,系统,95487,689046389.0,688414409.0,631980.0,2708485.71428571,2018-10-14
360手机助手,工具,100084,274633997.0,274623324.0,10673.0,45741.4285714286,2018-11-04
人民日报,阅读,101273,93469946.0,93469142.0,804.0,3445.71428571429,2018-11-04
风行视频,视频,101594,92786026.0,92785041.0,985.0,4221.42857142857,2018-11-04
作业帮,教育学习,1027306,88802052.0,88690786.0,111266.0,476854.285714286,2018-11-04
高德地图,出行,1038,484050500.0,483977142.0,73358.0,314391.428571429,2018-11-04
手电筒,工具,1066354,104903179.0,104902054.0,1125.0,4821.42857142857,2018-11-04
美团,便捷生活,1068,325254034.0,325204883.0,49151.0,210647.142857143,2018-11-04
QQ浏览器,系统,1079,455157282.0,455087344.0,69938.0,299734.285714286,2018-11-04
阿里星球,视频,1088,330165136.0,330164846.0,290.0,1242.85714285714,2018-11-04
铃声多多,视频,111237,211952380.0,211902444.0,49936.0,214011.428571429,2018-11-04
掌阅iReader,阅读,1152,174946065.0,174933316.0,12749.0,54638.5714285714,2018-11-04
讯飞输入法,社交,1167,351456400.0,351407502.0,48898.0,209562.857142857,2018-11-04
百度视频,视频,12272,165753488.0,165747300.0,6188.0,26520.0,2018-11-04
Flipboard,阅读,123565,114422615.0,114417128.0,5487.0,23515.7142857143,2018-11-04
唱吧,视频,125088,111144321.0,111139854.0,4467.0,19144.2857142857,2018-11-04
今日头条,视频,141843,358248737.0,358126059.0,122678.0,525762.857142857,2018-11-04
墨迹天气,工具,1433,430708979.0,430678925.0,30054.0,128802.857142857,2018-11-04
360桌面,系统,1438,262027471.0,262023180.0,4291.0,18390.0,2018-11-04
鲁大师,系统,147287,102364885.0,102322214.0,42671.0,182875.714285714,2018-11-04
三星打印服务插件,系统,1557729,115742756.0,115737385.0,5371.0,23018.5714285714,2018-11-04
360省电王,系统,1569,197915447.0,197911080.0,4367.0,18715.7142857143,2018-11-04
搜狐视频,视频,1586,236566945.0,236544303.0,22642.0,97037.1428571429,2018-11-04
手机京东,育儿母婴,1588,181597526.0,181497209.0,100317.0,429930.0,2018-11-04
开心消消乐,游戏,1625930,427417946.0,,,,2018-11-04
酷我音乐,视频,1656,417580519.0,417530132.0,50387.0,215944.285714286,2018-11-04
360清理大师,系统,1781604,205579089.0,205510120.0,68969.0,295581.428571429,2018-11-04
搜狐新闻,阅读,1849,100130904.0,100114427.0,16477.0,70615.7142857143,2018-11-04
滴滴出行,出行,185732,158613371.0,158594701.0,18670.0,80014.2857142857,2018-11-04
平安普惠,理财,1937214,429963796.0,427899740.0,2064056.0,8845954.28571429,2018-11-04
支付宝,理财,1939,706887895.0,706799333.0,88562.0,379551.428571429,2018-11-04
腾讯新闻,阅读,19467,328397990.0,328307419.0,90571.0,388161.428571429,2018-11-04
360免费WiFi,系统,1954941,253704626.0,253692996.0,11630.0,49842.8571428571,2018-11-04
美图秀秀,摄影,1977,416359300.0,416309477.0,49823.0,213527.142857143,2018-11-04
微博,阅读,2012,706535582.0,706481680.0,53902.0,231008.571428571,2018-11-04
咪咕音乐,视频,201224,119192282.0,118880165.0,312117.0,1337644.28571429,2018-11-04
UC浏览器,系统,2058,701974293.0,701895065.0,79228.0,339548.571428571,2018-11-04
腾讯视频,视频,2087,466729545.0,466590713.0,138832.0,594994.285714286,2018-11-04
QQ邮箱,办公商务,209310,136014161.0,136001217.0,12944.0,55474.2857142857,2018-11-04
唯品会,购物,21972,106662052.0,106608796.0,53256.0,228240.0,2018-11-04
中华万年历日历,工具,2272,147813658.0,147805267.0,8391.0,35961.4285714286,2018-11-04
美颜相机,摄影,229226,181057880.0,181033309.0,24571.0,105304.285714286,2018-11-04
360超级ROOT-深度优化手机,工具,2304476,158652516.0,158646531.0,5985.0,25650.0,2018-11-04
喜马拉雅FM,视频,236026,93142902.0,93116625.0,26277.0,112615.714285714,2018-11-04
驾考宝典,教育学习,2378,128373662.0,127495739.0,877923.0,3762527.14285714,2018-11-04
百度贴吧,社交,2461,98491429.0,98484953.0,6476.0,27754.2857142857,2018-11-04
随手电筒,工具,246564,96411074.0,96410388.0,686.0,2940.0,2018-11-04
单机斗地主-不占流量,游戏,263710,202349213.0,,,,2018-11-04
网易新闻,阅读,2744,92931255.0,92910678.0,20577.0,88187.1428571429,2018-11-04
相机360,摄影,2747,104886747.0,104882414.0,4333.0,18570.0,2018-11-04
爱奇艺,视频,2751,597049368.0,596881558.0,167810.0,719185.714285714,2018-11-04
书旗小说,阅读,2926,135688369.0,135667928.0,20441.0,87604.2857142857,2018-11-04
网易有道词典,教育学习,2927,193747265.0,193742306.0,4959.0,21252.8571428571,2018-11-04
携程旅行,出行,2947,139114422.0,139097257.0,17165.0,73564.2857142857,2018-11-04
花椒直播-美颜椒友疯狂卖萌,社交,2981222,123537871.0,123523053.0,14818.0,63505.7142857143,2018-11-04
王者荣耀,游戏,3073428,219840566.0,219654143.0,186423.0,798955.714285714,2018-11-04
快手,视频,3536,177070161.0,176785245.0,284916.0,1221068.57142857,2018-11-04
手机淘宝,育儿母婴,3570,913852159.0,913525657.0,326502.0,1399294.28571429,2018-11-04
ES文件浏览器,系统,3571,91248153.0,91246145.0,2008.0,8605.71428571428,2018-11-04
优酷,视频,3581,800734823.0,800621972.0,112851.0,483647.142857143,2018-11-04
国金期货,理财,3738906,88886185.0,88168426.0,717759.0,3076110.0,2018-11-04
蔚蓝小说,阅读,3885739,126913287.0,126779782.0,133505.0,572164.285714286,2018-11-04
小说,阅读,3894208,95294246.0,95163398.0,130848.0,560777.142857143,2018-11-04
免费小说,阅读,3937914,95173567.0,95045136.0,128431.0,550418.571428571,2018-11-04
电子书,阅读,3963018,90137812.0,90004194.0,133618.0,572648.571428571,2018-11-04
有声小说,阅读,3963330,108804973.0,108671305.0,133668.0,572862.857142857,2018-11-04
YY,视频,4067,120101665.0,120097370.0,4295.0,18407.1428571429,2018-11-04
土豆视频,视频,4107,114375832.0,114370834.0,4998.0,21420.0,2018-11-04
途牛旅游,出行,43299,146254695.0,146246213.0,8482.0,36351.4285714286,2018-11-04
酷狗音乐,视频,433,1155132143.0,1154986052.0,146091.0,626104.285714286,2018-11-04
多米音乐,视频,44,97618585.0,97616419.0,2166.0,9282.85714285714,2018-11-04
QQ音乐,视频,4498,154220726.0,154120726.0,100000.0,428571.428571429,2018-11-04
大众点评,生活服务,4674,174750041.0,174704422.0,45619.0,195510.0,2018-11-04
陌陌,社交,48,247415401.0,247391542.0,23859.0,102252.857142857,2018-11-04
蜻蜓FM,视频,51178,92994182.0,92979639.0,14543.0,62327.1428571429,2018-11-04
我查查,工具,537,161301260.0,161298272.0,2988.0,12805.7142857143,2018-11-04
微信,社交,5427,841998629.0,841715992.0,282637.0,1211301.42857143,2018-11-04
58同城,便捷生活,5576,93416909.0,93347909.0,69000.0,295714.285714286,2018-11-04
聚力视频,视频,5632,276434437.0,276414420.0,20017.0,85787.1428571429,2018-11-04
百度,系统,5846,426707877.0,426554307.0,153570.0,658157.142857143,2018-11-04
天气通,工具,6209,94505402.0,94502613.0,2789.0,11952.8571428571,2018-11-04
谷歌拼音,系统,6224,127116967.0,127114286.0,2681.0,11490.0,2018-11-04
乐视视频,视频,6276,258935234.0,258928546.0,6688.0,28662.8571428571,2018-11-04
谷歌Gmail,办公商务,6411,93742698.0,93739564.0,3134.0,13431.4285714286,2018-11-04
驾校一点通,教育学习,6533,153706967.0,153704325.0,2642.0,11322.8571428571,2018-11-04
咪咕阅读,阅读,6536,149551889.0,149302588.0,249301.0,1068432.85714286,2018-11-04
飞信,社交,7372,95117928.0,95117081.0,847.0,3630.0,2018-11-04
百度地图,出行,7655,584057387.0,583990274.0,67113.0,287627.142857143,2018-11-04
植物大战僵尸2高清版,游戏,771431,224027941.0,,,,2018-11-04
360手机卫士-一键连免费wifi,系统,77208,2067256828.0,2065314794.0,1942034.0,8323002.85714286,2018-11-04
360影视大全,视频,778702,430432858.0,430356753.0,76105.0,326164.285714286,2018-11-04
QQ,社交,7953,809961126.0,809865685.0,95441.0,409032.857142857,2018-11-04
华为手机文件管理器,办公商务,796062,108719852.0,108696629.0,23223.0,99527.1428571429,2018-11-04
QQ空间,社交,8015,134632073.0,134628360.0,3713.0,15912.8571428571,2018-11-04
ogle 文字转语音,系统,885077,119055916.0,119054126.0,1790.0,7671.42857142857,2018-11-04
WiFi万能钥匙,系统,88761,1031650101.0,1031410917.0,239184.0,1025074.28571429,2018-11-04
HP Print Service 插件,系统,890932,113901689.0,113899457.0,2232.0,9565.71428571428,2018-11-04
360天气,工具,92235,119684605.0,119682362.0,2243.0,9612.85714285714,2018-11-04
中国建设银行,理财,9347,114160588.0,114128170.0,32418.0,138934.285714286,2018-11-04
去哪儿旅行,出行,944,126032492.0,126002088.0,30404.0,130302.857142857,2018-11-04
360浏览器,系统,95487,690749140.0,690437604.0,311536.0,1335154.28571429,2018-11-04
