作业帮,教育学习,2008421.42857143,2018-01-07
高德地图,出行,4515160.0,2018-01-07
美团,便捷生活,1980431.42857143,2018-01-07
QQ浏览器,系统,2571815.71428571,2018-01-07
讯飞输入法,社交,1743270.0,2018-01-07
今日头条,视频,5024808.57142857,2018-01-07
墨迹天气,工具,1561164.28571429,2018-01-07
手机京东,育儿母婴,1826365.71428571,2018-01-07
开心消消乐,游戏,2112941.42857143,2018-01-07
酷我音乐,视频,1881625.71428571,2018-01-07
360清理大师,系统,3050824.28571429,2018-01-07
支付宝,理财,5213818.57142857,2018-01-07
腾讯新闻,阅读,1732058.57142857,2018-01-07
360免费WiFi,系统,1904544.28571429,2018-01-07
微博,阅读,2772650.0,2018-01-07
UC浏览器,系统,2430720.0,2018-01-07
腾讯视频,视频,4103760.0,2018-01-07
元贝驾考,教育学习,1717900.0,2018-01-07
爱奇艺,视频,4229607.14285714,2018-01-07
简理财,理财,2848488.57142857,2018-01-07
花椒直播-美颜椒友疯狂卖萌,社交,1936911.42857143,2018-01-07
王者荣耀,游戏,7571861.42857143,2018-01-07
万家贷,理财,7784511.42857143,2018-01-07
穿越火线：枪战王者,游戏,1716940.0,2018-01-07
兼职咸鱼-学生赚钱,便捷生活,3887058.57142857,2018-01-07
拼多多,理财,3139717.14285714,2018-01-07
东方头条,阅读,2673524.28571429,2018-01-07
斗米兼职,便捷生活,5851981.42857143,2018-01-07
点贷诚金,理财,1646768.57142857,2018-01-07
唐小僧理财,理财,6362185.71428571,2018-01-07
糯米狗-兼职赚钱,便捷生活,2617261.42857143,2018-01-07
优蓝,便捷生活,5220725.71428571,2018-01-07
火山直播,视频,3696888.57142857,2018-01-07
贝乐虎儿歌,育儿母婴,1667665.71428571,2018-01-07
迷你世界-沙盒游戏,游戏,2862804.28571429,2018-01-07
一点金库,理财,2910002.85714286,2018-01-07
金储宝,理财,5776855.71428571,2018-01-07
头条视频,视频,5567020.0,2018-01-07
米金社,理财,2417590.0,2018-01-07
A.me,摄影,2725700.0,2018-01-07
快手,视频,4408971.42857143,2018-01-07
手机淘宝,育儿母婴,4914182.85714286,2018-01-07
今日头条,理财,3016007.14285714,2018-01-07
优酷,视频,3264951.42857143,2018-01-07
天气,工具,3153508.57142857,2018-01-07
美人天气预报,工具,15005767.1428571,2018-01-07
华夏万年历-日历农历,工具,8226217.14285714,2018-01-07
云犀日历农历万年历,工具,4731180.0,2018-01-07
口袋天气,工具,4009157.14285714,2018-01-07
日历,工具,3147892.85714286,2018-01-07
日历,工具,3152580.0,2018-01-07
赚钱天气,工具,3150920.0,2018-01-07
一笔记账,工具,3659485.71428571,2018-01-07
快视频,视频,5040995.71428571,2018-01-07
51卡宝,办公商务,1921890.0,2018-01-07
最强手电,工具,3448402.85714286,2018-01-07
银谷在线,理财,2259725.71428571,2018-01-07
七彩,系统,3164821.42857143,2018-01-07
大象笔记-笔记本,办公商务,3136152.85714286,2018-01-07
犀牛日记-日记本,办公商务,3137672.85714286,2018-01-07
光影锁屏-手机主题壁纸,系统,2991791.42857143,2018-01-07
兼职王者,生活服务,1817035.71428571,2018-01-07
阿瓦隆Online,社交,1988171.42857143,2018-01-07
喵喵计算器,工具,3149690.0,2018-01-07
体彩大赢家,理财,3141695.71428571,2018-01-07
车蚁金服,理财,2224900.0,2018-01-07
美厨美食,生活服务,3138884.28571429,2018-01-07
外婆菜谱,生活服务,3135742.85714286,2018-01-07
天气王-天气预报,工具,3152502.85714286,2018-01-07
钱堡理财,理财,1652372.85714286,2018-01-07
好兔视频,视频,11183438.5714286,2018-01-07
蔚蓝小说,阅读,6326675.71428571,2018-01-07
我的世界-中国正版,游戏,1967117.14285714,2018-01-07
小说,阅读,7163607.14285714,2018-01-07
探探手电筒,工具,2801544.28571429,2018-01-07
天气,工具,3187415.71428571,2018-01-07
荒野行动,游戏,4066172.85714286,2018-01-07
原油期货宝,理财,12059578.5714286,2018-01-07
国金期货交易,理财,7726544.28571429,2018-01-07
促促优惠券返利,购物,2879507.14285714,2018-01-07
打卡助手,办公商务,1604037.14285714,2018-01-07
免费小说,阅读,7313872.85714286,2018-01-07
soul阅读,阅读,1854110.0,2018-01-07
爆裂抓娃娃,社交,2440640.0,2018-01-07
美美天气通,工具,1668668.57142857,2018-01-07
酷狗音乐,视频,5411438.57142857,2018-01-07
QQ音乐,视频,2269572.85714286,2018-01-07
搜狗输入法,系统,2161784.28571429,2018-01-07
微信,社交,10491420.0,2018-01-07
咪咕阅读,阅读,3788422.85714286,2018-01-07
苏宁易购,购物,1594120.0,2018-01-07
飞卢小说,阅读,4445720.0,2018-01-07
百度地图,出行,2029887.14285714,2018-01-07
360手机卫士-一键连免费wifi,系统,11231384.2857143,2018-01-07
360影视大全,视频,2393577.14285714,2018-01-07
QQ,社交,2911094.28571429,2018-01-07
WiFi万能钥匙,系统,7663661.42857143,2018-01-07
荔枝FM,视频,2162708.57142857,2018-01-07
360浏览器,系统,5777738.57142857,2018-01-07
安居客,便捷生活,2530224.28571429,2018-01-07
心理FM,视频,2948.57142857143,2018-02-04
铃声多多,视频,782899.285714286,2018-02-04
华为音乐,视频,293427.857142857,2018-02-04
完美钢琴,工具,7232.14285714286,2018-02-04
K歌达人,视频,8271.42857142857,2018-02-04
K米,视频,12295.7142857143,2018-02-04
钢琴,工具,4097.14285714286,2018-02-04
酷音铃声,视频,75822.8571428571,2018-02-04
真实架子鼓,视频,3932.14285714286,2018-02-04
唱吧,视频,214941.428571429,2018-02-04
FM电台收音机,视频,4836.42857142857,2018-02-04
完美钢琴,视频,51923.5714285714,2018-02-04
DJ音乐盒,视频,4872.85714285714,2018-02-04
龙卷风收音机,视频,14127.8571428571,2018-02-04
狗叫模拟器,视频,12195.0,2018-02-04
百度音乐,系统,88487.1428571429,2018-02-04
变声器,工具,10375.7142857143,2018-02-04
酷我音乐,视频,1673841.42857143,2018-02-04
TuneIn Radio,视频,2888.57142857143,2018-02-04
变声器专业版,视频,4710.0,2018-02-04
中国广播,视频,4755.0,2018-02-04
天天动听HD,视频,7506.42857142857,2018-02-04
爱听4G,视频,45152.1428571429,2018-02-04
彩铃多多,视频,11946.4285714286,2018-02-04
铃声,系统,2867.14285714286,2018-02-04
爱音乐,视频,30833.5714285714,2018-02-04
Walkman,视频,8175.0,2018-02-04
全民K歌,视频,2097120.0,2018-02-04
音乐剪辑,视频,2796.42857142857,2018-02-04
爱唱,视频,9068.57142857143,2018-02-04
音乐播放器,视频,6216.42857142857,2018-02-04
酷我听书,视频,26003.5714285714,2018-02-04
微铃,视频,7632.85714285714,2018-02-04
阿基米德FM,视频,14545.7142857143,2018-02-04
咪咕音乐,视频,5691212.14285714,2018-02-04
Play 音乐,视频,25217.1428571429,2018-02-04
麦唱,视频,4729.28571428571,2018-02-04
echo回声,视频,10510.7142857143,2018-02-04
为你诵读,视频,5869.28571428571,2018-02-04
网易云音乐,视频,879615.0,2018-02-04
猜歌王,视频,8455.71428571428,2018-02-04
钢琴教练,教育学习,8001.42857142857,2018-02-04
手机弹钢琴,工具,7176.42857142857,2018-02-04
DJ多多,视频,16945.7142857143,2018-02-04
随身乐队,视频,14822.1428571429,2018-02-04
酷我K歌,视频,13367.1428571429,2018-02-04
MissEvan,视频,8852.14285714286,2018-02-04
听呗 FM,视频,1105090.71428571,2018-02-04
虾米音乐,视频,297055.714285714,2018-02-04
酷狗铃声,视频,37007.1428571429,2018-02-04
酷我音乐HD,视频,36651.4285714286,2018-02-04
音乐,视频,19030.7142857143,2018-02-04
小偶,视频,6722.14285714286,2018-02-04
音乐,视频,5406.42857142857,2018-02-04
Y2002音乐,视频,19707.8571428571,2018-02-04
铃声剪辑,视频,12664.2857142857,2018-02-04
手机互联,便捷生活,3983.57142857143,2018-02-04
Finger,视频,8316.42857142857,2018-02-04
最好的节拍器,视频,3855.0,2018-02-04
企鹅FM,视频,48338.5714285714,2018-02-04
铃声大全-官方版,视频,3203.57142857143,2018-02-04
音量魔手,视频,99608.5714285714,2018-02-04
清风DJ,视频,3096.42857142857,2018-02-04
广场舞多多,工具,5745.0,2018-02-04
爱音斯坦FM,视频,16302.8571428571,2018-02-04
爱玩吉他,视频,4485.0,2018-02-04
手机铃声,视频,4480.71428571429,2018-02-04
酷狗音乐k歌,视频,4560.0,2018-02-04
Amaze音乐视频分享,视频,2655.0,2018-02-04
A.me,摄影,4026364.28571429,2018-02-04
碎乐,视频,23138.5714285714,2018-02-04
小睡眠,生活服务,13163.5714285714,2018-02-04
魔幻粒子,视频,25969.2857142857,2018-02-04
K歌,系统,4555.71428571429,2018-02-04
七彩,系统,1497651.42857143,2018-02-04
Super Pads,音乐,16523.5714285714,2018-02-04
全民K诗,音乐,3272.14285714286,2018-02-04
迷你魔幻粒子世界,音乐,6482.14285714286,2018-02-04
海螺,音乐,155674.285714286,2018-02-04
5sing原创音乐,视频,13699.2857142857,2018-02-04
ehshig,视频,3357.85714285714,2018-02-04
酷狗音乐,视频,5575470.0,2018-02-04
多米音乐,视频,100476.428571429,2018-02-04
QQ音乐,视频,3401817.85714286,2018-02-04
蜻蜓FM,视频,243962.142857143,2018-02-04
考拉FM电台,视频,13710.0,2018-02-04
豆瓣FM,视频,5119.28571428571,2018-02-04
GuitarTuna - 吉他调音器,视频,17042.1428571429,2018-02-04
宝宝乐器,教育学习,5886.42857142857,2018-02-04
音悦台,视频,21902.1428571429,2018-02-04
Crafting Sounds,视频,3042.85714285714,2018-02-04
爱听听书,视频,3872.14285714286,2018-02-04
多听FM,视频,2982.85714285714,2018-02-04
猫叫模拟器,视频,11202.8571428571,2018-02-04
听歌识曲,视频,7617.85714285714,2018-02-04
铃铃铃,视频,6145.71428571429,2018-02-04
ViPER4Android音效驱动,视频,2792.14285714286,2018-02-04
调频收音机,视频,4515.0,2018-02-04
荔枝FM,视频,1289346.42857143,2018-02-04
手机收音机,视频,4590.0,2018-02-04
作业帮,教育学习,1780585.71428571,2018-04-08
高德地图,出行,2392677.14285714,2018-04-08
QQ浏览器,系统,1771492.85714286,2018-04-08
手机京东,育儿母婴,1476558.57142857,2018-04-08
360清理大师,系统,1911560.0,2018-04-08
58违章查询,出行,18512571.4285714,2018-04-08
平安普惠,理财,35216972.8571429,2018-04-08
秀吧直播,社交,3391641.42857143,2018-04-08
全民K歌,视频,1671301.42857143,2018-04-08
微博,阅读,1462121.42857143,2018-04-08
咪咕音乐,视频,2545337.14285714,2018-04-08
腾讯视频,视频,3693312.85714286,2018-04-08
爱奇艺,视频,2972184.28571429,2018-04-08
贝多多,理财,1803380.0,2018-04-08
紫马财行,理财,2708851.42857143,2018-04-08
王者荣耀,游戏,5879378.57142857,2018-04-08
启信宝企业信用查询,办公商务,4537512.85714286,2018-04-08
拼多多,理财,2452020.0,2018-04-08
东方头条,阅读,2032922.85714286,2018-04-08
唐小僧理财,理财,3897558.57142857,2018-04-08
韩剧TV,工具,2132678.57142857,2018-04-08
火山直播,视频,2353290.0,2018-04-08
迷你世界-沙盒游戏,游戏,2123994.28571429,2018-04-08
足球竞猜,阅读,1451480.0,2018-04-08
金储宝,理财,1649791.42857143,2018-04-08
头条视频,视频,2707658.57142857,2018-04-08
A.me,摄影,2569211.42857143,2018-04-08
快手,视频,2803540.0,2018-04-08
手机淘宝,育儿母婴,2136675.71428571,2018-04-08
今日头条,理财,2325912.85714286,2018-04-08
优酷,视频,1900042.85714286,2018-04-08
搞笑斗图大师,社交,2242132.85714286,2018-04-08
天气,工具,2145661.42857143,2018-04-08
美人天气预报,工具,4292808.57142857,2018-04-08
华夏万年历-日历农历,工具,2145122.85714286,2018-04-08
云犀日历农历万年历,工具,6436615.71428571,2018-04-08
口袋天气,工具,6003381.42857143,2018-04-08
日历,工具,6429778.57142857,2018-04-08
日历,工具,2145070.0,2018-04-08
赚钱天气,工具,4543620.0,2018-04-08
快视频,视频,2402121.42857143,2018-04-08
多乐铃声,系统,4365325.71428571,2018-04-08
最强手电,工具,13108952.8571429,2018-04-08
石头理财pro,理财,2930460.0,2018-04-08
七彩,系统,2181267.14285714,2018-04-08
大象笔记-笔记本,办公商务,2132670.0,2018-04-08
犀牛日记-日记本,办公商务,2132521.42857143,2018-04-08
贝多铃声,音乐,4370307.14285714,2018-04-08
喵喵计算器,工具,2139137.14285714,2018-04-08
体彩大赢家,理财,2155771.42857143,2018-04-08
车蚁金服,理财,1764595.71428571,2018-04-08
美厨美食,生活服务,5971140.0,2018-04-08
外婆菜谱,生活服务,2133297.14285714,2018-04-08
快扫二维码生成,工具,10730468.5714286,2018-04-08
天气王-天气预报,工具,6437877.14285714,2018-04-08
全民智投,理财,2957127.14285714,2018-04-08
赢彩彩票,理财,2211684.28571429,2018-04-08
连中彩票,理财,2213271.42857143,2018-04-08
蔚蓝小说,阅读,21447964.2857143,2018-04-08
小说,阅读,13374097.1428571,2018-04-08
天气,工具,2009308.57142857,2018-04-08
荒野行动,游戏,2559031.42857143,2018-04-08
原油期货宝,理财,1623962.85714286,2018-04-08
国金期货交易,理财,19111921.4285714,2018-04-08
免费小说,阅读,12307371.4285714,2018-04-08
高铁之旅,旅游酒店,2074914.28571429,2018-04-08
中鸿贷,理财,2606185.71428571,2018-04-08
麦麦理财,理财,1785461.42857143,2018-04-08
期货交易,理财,15611462.8571429,2018-04-08
阅读器,阅读,16119488.5714286,2018-04-08
答题宝典,教育学习,1767271.42857143,2018-04-08
电子书,阅读,16029141.4285714,2018-04-08
神马阅读,阅读,11325318.5714286,2018-04-08
有声小说,阅读,14530541.4285714,2018-04-08
小说阅读器,阅读,20151078.5714286,2018-04-08
盈鱼理财,理财,1491278.57142857,2018-04-08
蚁众金信,理财,5670365.71428571,2018-04-08
看书,阅读,11685807.1428571,2018-04-08
驾考大师,教育学习,1581641.42857143,2018-04-08
美期分期,购物,2068285.71428571,2018-04-08
免费阅读器,阅读,11200858.5714286,2018-04-08
小说阅读大全,阅读,20071854.2857143,2018-04-08
看书,阅读,9130151.42857143,2018-04-08
读书,阅读,9130948.57142857,2018-04-08
免费小说阅读器,阅读,9796075.71428571,2018-04-08
酷狗音乐,视频,2480760.0,2018-04-08
搜狗输入法,系统,1575454.28571429,2018-04-08
蜻蜓FM,视频,2535917.14285714,2018-04-08
微信,社交,8129147.14285714,2018-04-08
驾校一点通,教育学习,14749090.0,2018-04-08
咪咕阅读,阅读,2429360.0,2018-04-08
飞卢小说,阅读,2454855.71428571,2018-04-08
360手机卫士-一键连免费wifi,系统,4805931.42857143,2018-04-08
360影视大全,视频,1561688.57142857,2018-04-08
QQ,社交,1711834.28571429,2018-04-08
货车帮,工具,3384910.0,2018-04-08
WiFi万能钥匙,系统,4539827.14285714,2018-04-08
虎牙直播,视频,1539040.0,2018-04-08
360浏览器,系统,4523771.42857143,2018-04-08
安居客,便捷生活,2934517.14285714,2018-04-08
QQ浏览器,系统,2734551.42857143,2018-05-06
今日头条,视频,3517310.0,2018-05-06
手机京东,育儿母婴,2119241.42857143,2018-05-06
木鸟短租,旅游酒店,2452022.85714286,2018-05-06
360清理大师,系统,3754617.14285714,2018-05-06
58违章查询,出行,27971255.7142857,2018-05-06
平安普惠,理财,46432570.0,2018-05-06
支付宝,理财,2516150.0,2018-05-06
咪咕音乐,视频,3387768.57142857,2018-05-06
腾讯视频,视频,3630224.28571429,2018-05-06
爱奇艺,视频,3454034.28571429,2018-05-06
驾校一点通科目一,教育学习,8728208.57142857,2018-05-06
驾校一点通科目四,教育学习,8637232.85714286,2018-05-06
好贷宝理财,理财,2613964.28571429,2018-05-06
紫马财行,理财,3124285.71428571,2018-05-06
王者荣耀,游戏,5056550.0,2018-05-06
拼多多,理财,3016891.42857143,2018-05-06
火山直播,视频,2929142.85714286,2018-05-06
迷你世界-沙盒游戏,游戏,2187240.0,2018-05-06
头条视频,视频,3239825.71428571,2018-05-06
借花花贷款借钱借贷,理财,5997777.14285714,2018-05-06
速贷之家,理财,2772000.0,2018-05-06
A.me,摄影,4356107.14285714,2018-05-06
快手,视频,3034578.57142857,2018-05-06
手机淘宝,育儿母婴,3766428.57142857,2018-05-06
今日头条,理财,3236174.28571429,2018-05-06
优酷,视频,2186214.28571429,2018-05-06
超速贷款-快速借钱,理财,3049217.14285714,2018-05-06
天气,工具,3066644.28571429,2018-05-06
美人天气预报,工具,3068660.0,2018-05-06
粉丝福利购,购物,10489175.7142857,2018-05-06
贷款计算器,理财,3103081.42857143,2018-05-06
华夏万年历-日历农历,工具,3065401.42857143,2018-05-06
云犀日历农历万年历,工具,3071421.42857143,2018-05-06
日历,工具,3059022.85714286,2018-05-06
日历,工具,3061330.0,2018-05-06
赚钱天气,工具,3067247.14285714,2018-05-06
快视频,视频,2638144.28571429,2018-05-06
最强手电,工具,3405981.42857143,2018-05-06
银谷在线,理财,2255490.0,2018-05-06
七彩,系统,3066257.14285714,2018-05-06
粉丝福利购,购物,4598631.42857143,2018-05-06
大象笔记-笔记本,办公商务,6144025.71428571,2018-05-06
犀牛日记-日记本,办公商务,2620501.42857143,2018-05-06
知合金服,理财,2231941.42857143,2018-05-06
美记,理财,3047485.71428571,2018-05-06
贝多铃声,音乐,3065088.57142857,2018-05-06
喵喵计算器,工具,3058944.28571429,2018-05-06
钱借你-贷款借款分期,理财,2809424.28571429,2018-05-06
体彩大赢家,理财,3072171.42857143,2018-05-06
都顺贷,理财,3159585.71428571,2018-05-06
美厨美食,生活服务,3072821.42857143,2018-05-06
外婆菜谱,生活服务,3075298.57142857,2018-05-06
快扫二维码生成,工具,3066348.57142857,2018-05-06
钱秘书理财,理财,4235951.42857143,2018-05-06
天气王-天气预报,工具,3071590.0,2018-05-06
全民智投,理财,2151235.71428571,2018-05-06
赢彩彩票,理财,3550320.0,2018-05-06
连中彩票,理财,3540515.71428571,2018-05-06
蔚蓝小说,阅读,3094635.71428571,2018-05-06
小说,阅读,3418827.14285714,2018-05-06
天气,工具,3092052.85714286,2018-05-06
免费小说,阅读,3418542.85714286,2018-05-06
赢家时时彩（重庆版）,理财,3416437.14285714,2018-05-06
金吉利宝理财,理财,3597570.0,2018-05-06
开奖宝典,工具,2330644.28571429,2018-05-06
阅读器,阅读,3411842.85714286,2018-05-06
电子书,阅读,3990842.85714286,2018-05-06
神马阅读,阅读,3627654.28571429,2018-05-06
有声小说,阅读,4492242.85714286,2018-05-06
小说阅读器,阅读,3072765.71428571,2018-05-06
玩趴,社交,3419248.57142857,2018-05-06
看书,阅读,3073084.28571429,2018-05-06
驾考大师,教育学习,6696195.71428571,2018-05-06
免费阅读器,阅读,3073301.42857143,2018-05-06
小说阅读大全,阅读,3073855.71428571,2018-05-06
看书,阅读,3070474.28571429,2018-05-06
读书,阅读,15352805.7142857,2018-05-06
看点头条,阅读,2481381.42857143,2018-05-06
免费小说阅读器,阅读,9214327.14285714,2018-05-06
微分期,理财,7319300.0,2018-05-06
多彩彩票,理财,5558828.57142857,2018-05-06
乐米小说阅读,阅读,3072138.57142857,2018-05-06
小说快读,阅读,3067431.42857143,2018-05-06
东古耽美小说,阅读,20898325.7142857,2018-05-06
TXT电子书阅读器,阅读,20482627.1428571,2018-05-06
汇淘金,理财,4558248.57142857,2018-05-06
酷狗音乐,视频,2977064.28571429,2018-05-06
QQ音乐,视频,2503980.0,2018-05-06
蜻蜓FM,视频,5155285.71428571,2018-05-06
微信,社交,6123070.0,2018-05-06
驾校一点通,教育学习,26472288.5714286,2018-05-06
咪咕阅读,阅读,5314741.42857143,2018-05-06
百姓彩票,理财,11636467.1428571,2018-05-06
360手机卫士-一键连免费wifi,系统,8157354.28571429,2018-05-06
QQ,社交,2536750.0,2018-05-06
WiFi万能钥匙,系统,5391064.28571429,2018-05-06
虎牙直播,视频,3270804.28571429,2018-05-06
360浏览器,系统,4146977.14285714,2018-05-06
安居客,便捷生活,4238872.85714286,2018-05-06
人民日报,阅读,3748815.71428571,2018-06-03
今日头条,视频,2695597.14285714,2018-06-03
手机京东,育儿母婴,3082568.57142857,2018-06-03
茄子悬赏,生活服务,8352354.28571429,2018-06-03
58违章查询,出行,3089471.42857143,2018-06-03
平安普惠,理财,53194477.1428571,2018-06-03
支付宝,理财,3158644.28571429,2018-06-03
咪咕音乐,视频,3228508.57142857,2018-06-03
腾讯视频,视频,3611918.57142857,2018-06-03
爱奇艺,视频,2901532.85714286,2018-06-03
微店热卖,工具,9313977.14285714,2018-06-03
猎律网,教育学习,25096318.5714286,2018-06-03
王者荣耀,游戏,4696485.71428571,2018-06-03
兼职咸鱼-学生赚钱,便捷生活,8194528.57142857,2018-06-03
拼多多,理财,3618950.0,2018-06-03
糯米狗-兼职赚钱,便捷生活,9292928.57142857,2018-06-03
圆小财,理财,2875284.28571429,2018-06-03
一点金库,理财,6523262.85714286,2018-06-03
速贷之家,理财,2950185.71428571,2018-06-03
A.me,摄影,5450431.42857143,2018-06-03
云端金融,理财,3197837.14285714,2018-06-03
快手,视频,3360411.42857143,2018-06-03
优酷,视频,2748245.71428571,2018-06-03
天气,工具,2767490.0,2018-06-03
美人天气预报,工具,2768468.57142857,2018-06-03
日历,工具,2766395.71428571,2018-06-03
赚钱天气,工具,2767047.14285714,2018-06-03
最强手电,工具,2911328.57142857,2018-06-03
七彩,系统,2755855.71428571,2018-06-03
大象笔记-笔记本,办公商务,5371561.42857143,2018-06-03
美记,理财,2701644.28571429,2018-06-03
喵喵计算器,工具,13168607.1428571,2018-06-03
体彩大赢家,理财,2689637.14285714,2018-06-03
美厨美食,生活服务,2778025.71428571,2018-06-03
外婆菜谱,生活服务,2689412.85714286,2018-06-03
快扫二维码生成,工具,2765661.42857143,2018-06-03
恒信贵金属黄金白银投资平台,理财,3770967.14285714,2018-06-03
十元读书,阅读,2852444.28571429,2018-06-03
蔚蓝小说,阅读,2796838.57142857,2018-06-03
小说,阅读,3023588.57142857,2018-06-03
天气,工具,2790005.71428571,2018-06-03
期货快讯,工具,9541900.0,2018-06-03
UU理财,理财,3652835.71428571,2018-06-03
期货,理财,9315470.0,2018-06-03
巨潮金融,理财,3827724.28571429,2018-06-03
免费小说,阅读,3024080.0,2018-06-03
赢家时时彩（重庆版）,理财,2916277.14285714,2018-06-03
指尖外汇期货,工具,3266532.85714286,2018-06-03
原油软件,理财,8736772.85714286,2018-06-03
天天期货,教育学习,9906172.85714286,2018-06-03
期货超人-期货,教育学习,12747900.0,2018-06-03
阅读器,阅读,3018301.42857143,2018-06-03
电子书,阅读,3511975.71428571,2018-06-03
神马阅读,阅读,3197235.71428571,2018-06-03
有声小说,阅读,3192751.42857143,2018-06-03
小说阅读器,阅读,2770690.0,2018-06-03
看书,阅读,2772430.0,2018-06-03
立信投资,理财,4170221.42857143,2018-06-03
驾考大师,教育学习,5979768.57142857,2018-06-03
免费阅读器,阅读,2770911.42857143,2018-06-03
小说阅读大全,阅读,13663604.2857143,2018-06-03
看书,阅读,3311141.42857143,2018-06-03
读书,阅读,13845437.1428571,2018-06-03
免费小说阅读器,阅读,8309080.0,2018-06-03
微分期,理财,3232204.28571429,2018-06-03
乐米小说阅读,阅读,2770448.57142857,2018-06-03
小说快读,阅读,8286232.85714286,2018-06-03
东古耽美小说,阅读,17949674.2857143,2018-06-03
期货王,工具,3128850.0,2018-06-03
TXT电子书阅读器,阅读,30065110.0,2018-06-03
书迷言情小说,阅读,16398814.2857143,2018-06-03
追书王,阅读,2769487.14285714,2018-06-03
星读小说神器,阅读,2769005.71428571,2018-06-03
原油投资,教育学习,9940395.71428571,2018-06-03
期货开户,理财,3249710.0,2018-06-03
外汇交易,理财,3424254.28571429,2018-06-03
贵金属交易,理财,3244451.42857143,2018-06-03
天天热门小说,阅读,13844394.2857143,2018-06-03
现货,理财,9641948.57142857,2018-06-03
期货,理财,9913290.0,2018-06-03
期货软件,理财,3251204.28571429,2018-06-03
手机定位专业版,出行,4442321.42857143,2018-06-03
酷听书,阅读,9045667.14285714,2018-06-03
现货软件,理财,3229330.0,2018-06-03
幸运彩票,工具,7590274.28571429,2018-06-03
熊掌阅读,阅读,6754451.42857143,2018-06-03
清风武侠小说,阅读,9064291.42857143,2018-06-03
世界杯足球宝,阅读,25401634.2857143,2018-06-03
黄金,理财,11644857.1428571,2018-06-03
千年小说阅读器,阅读,6757357.14285714,2018-06-03
足球竞彩宝,阅读,7815317.14285714,2018-06-03
云轻小说,阅读,11256672.8571429,2018-06-03
世界杯预测大师,阅读,9206738.57142857,2018-06-03
微信,社交,9681971.42857143,2018-06-03
百度,系统,2913748.57142857,2018-06-03
驾校一点通,教育学习,31497557.1428571,2018-06-03
咪咕阅读,阅读,3884242.85714286,2018-06-03
360手机卫士-一键连免费wifi,系统,7076061.42857143,2018-06-03
WiFi万能钥匙,系统,4994465.71428571,2018-06-03
360浏览器,系统,3569867.14285714,2018-06-03
人民日报,阅读,2806212.85714286,2018-07-01
高德地图,出行,3192012.85714286,2018-07-01
金十数据,阅读,4540557.85714286,2018-07-01
平安普惠,理财,38776933.9285714,2018-07-01
咪咕音乐,视频,4095243.21428571,2018-07-01
腾讯视频,视频,3285673.92857143,2018-07-01
小算盘财富,理财,2723072.14285714,2018-07-01
爱奇艺,视频,3430407.85714286,2018-07-01
微店热卖,工具,4517224.28571429,2018-07-01
王者荣耀,游戏,5732252.14285714,2018-07-01
兼职咸鱼-学生赚钱,便捷生活,3586040.35714286,2018-07-01
拼多多,理财,3970628.57142857,2018-07-01
HX-GTS2,理财,3034786.07142857,2018-07-01
糯米狗-兼职赚钱,便捷生活,4436561.78571429,2018-07-01
借钱花,理财,6377542.5,2018-07-01
华融道理财,理财,2623826.78571429,2018-07-01
迷你世界-沙盒游戏,游戏,4104896.78571429,2018-07-01
A.me,摄影,5601864.64285714,2018-07-01
快手,视频,3431786.78571429,2018-07-01
手机淘宝,育儿母婴,3585654.64285714,2018-07-01
优酷,视频,2882161.07142857,2018-07-01
还还,理财,4240253.57142857,2018-07-01
天气,工具,2475603.21428571,2018-07-01
美人天气预报,工具,2477169.64285714,2018-07-01
华夏万年历-日历农历,工具,2476345.71428571,2018-07-01
云犀日历农历万年历,工具,2479931.78571429,2018-07-01
日历,工具,2475585.0,2018-07-01
日历,工具,2475840.0,2018-07-01
赚钱天气,工具,2477302.5,2018-07-01
国金期货,理财,16675941.4285714,2018-07-01
多乐铃声,系统,2463483.21428571,2018-07-01
最强手电,工具,2587637.14285714,2018-07-01
七彩,系统,2464043.57142857,2018-07-01
大象笔记-笔记本,办公商务,2464561.07142857,2018-07-01
犀牛日记-日记本,办公商务,2530697.14285714,2018-07-01
美记,理财,2490743.57142857,2018-07-01
贝多铃声,音乐,2464261.07142857,2018-07-01
喵喵计算器,工具,2476194.64285714,2018-07-01
美厨美食,生活服务,2830385.35714286,2018-07-01
外婆菜谱,生活服务,2484358.92857143,2018-07-01
快扫二维码生成,工具,2542805.35714286,2018-07-01
天气王-天气预报,工具,2480196.42857143,2018-07-01
恒信贵金属黄金白银投资平台,理财,3034500.0,2018-07-01
银蝶理财,理财,2699762.14285714,2018-07-01
蔚蓝小说,阅读,2493756.42857143,2018-07-01
小卡贷借款,理财,4862517.85714286,2018-07-01
小说,阅读,2517722.14285714,2018-07-01
天气,工具,2504262.85714286,2018-07-01
期货快讯,工具,8950203.21428571,2018-07-01
期货,理财,9086345.35714286,2018-07-01
智慧财理财,理财,4585466.78571429,2018-07-01
免费小说,阅读,2470498.92857143,2018-07-01
期货掌中宝,教育学习,3036546.42857143,2018-07-01
指尖外汇期货,工具,3077255.35714286,2018-07-01
原油软件,理财,9199562.14285714,2018-07-01
天天期货,教育学习,9214948.92857143,2018-07-01
期货超人-期货,教育学习,11941720.7142857,2018-07-01
阅读器,阅读,2464287.85714286,2018-07-01
草莓聊,社交,22446081.4285714,2018-07-01
电子书,阅读,2985594.64285714,2018-07-01
小说阅读器,阅读,2529086.78571429,2018-07-01
看书,阅读,2465572.5,2018-07-01
驾考大师,教育学习,5573982.85714286,2018-07-01
免费阅读器,阅读,2462055.0,2018-07-01
读书,阅读,4923280.71428571,2018-07-01
免费小说阅读器,阅读,2461791.42857143,2018-07-01
乐米小说阅读,阅读,2527578.21428571,2018-07-01
君临天下,理财,5423773.92857143,2018-07-01
小说快读,阅读,3178024.28571429,2018-07-01
书迷言情小说,阅读,2525517.85714286,2018-07-01
原油投资,教育学习,9119539.28571429,2018-07-01
期货开户,理财,3057570.0,2018-07-01
外汇交易,理财,3033562.5,2018-07-01
贵金属交易,理财,3037110.0,2018-07-01
期货交易,理财,3593926.07142857,2018-07-01
现货,理财,9122019.64285714,2018-07-01
期货,理财,9102098.57142857,2018-07-01
期货软件,理财,3052744.28571429,2018-07-01
现货软件,理财,3042400.71428571,2018-07-01
金荣中国,理财,3865637.14285714,2018-07-01
世界杯足球宝,阅读,2627889.64285714,2018-07-01
黄金,理财,9208688.57142857,2018-07-01
千年小说阅读器,阅读,2464803.21428571,2018-07-01
白银投资,理财,3032820.0,2018-07-01
黄金交易,理财,3039951.42857143,2018-07-01
白银,理财,8982386.78571429,2018-07-01
股票开户,理财,6070281.42857143,2018-07-01
股票软件,理财,6068818.92857143,2018-07-01
酷狗音乐,视频,3633380.35714286,2018-07-01
东方财富网,理财,14045691.4285714,2018-07-01
微信,社交,5746382.14285714,2018-07-01
百度,系统,2988933.21428571,2018-07-01
驾校一点通,教育学习,29143041.4285714,2018-07-01
咪咕阅读,阅读,3361685.35714286,2018-07-01
兼职猫求职版,便捷生活,2531720.35714286,2018-07-01
360手机卫士-一键连免费wifi,系统,14701091.7857143,2018-07-01
QQ,社交,2515287.85714286,2018-07-01
WiFi万能钥匙,系统,4543045.71428571,2018-07-01
360浏览器,系统,2757325.71428571,2018-07-01
安居客,便捷生活,5106253.92857143,2018-07-01
高德地图,出行,2132944.28571429,2018-08-05
今日头条,视频,1819412.85714286,2018-08-05
MBA智库百科,工具,2246627.14285714,2018-08-05
平安普惠,理财,47306225.7142857,2018-08-05
WiFi钥匙-密码查看器,工具,5843474.28571429,2018-08-05
咪咕音乐,视频,4426161.42857143,2018-08-05
腾讯视频,视频,3168408.57142857,2018-08-05
驾考宝典,教育学习,2847948.57142857,2018-08-05
爱奇艺,视频,3813065.71428571,2018-08-05
微店热卖,工具,2991222.85714286,2018-08-05
王者荣耀,游戏,5011625.71428571,2018-08-05
兼职咸鱼-学生赚钱,便捷生活,2998668.57142857,2018-08-05
拼多多,理财,3539761.42857143,2018-08-05
糯米狗-兼职赚钱,便捷生活,2962698.57142857,2018-08-05
借钱花,理财,15059600.0,2018-08-05
火山直播,视频,2282665.71428571,2018-08-05
迷你世界-沙盒游戏,游戏,3973317.14285714,2018-08-05
头条视频,视频,2596065.71428571,2018-08-05
算命占卜八字大师,工具,2674018.57142857,2018-08-05
A.me,摄影,5794945.71428571,2018-08-05
快手,视频,3046191.42857143,2018-08-05
手机淘宝,育儿母婴,2809972.85714286,2018-08-05
优酷,视频,2269787.14285714,2018-08-05
还还,理财,15012051.4285714,2018-08-05
天气,工具,5990722.85714286,2018-08-05
美人天气预报,工具,5993871.42857143,2018-08-05
华夏万年历-日历农历,工具,2994491.42857143,2018-08-05
云犀日历农历万年历,工具,3001978.57142857,2018-08-05
日历,工具,2995012.85714286,2018-08-05
日历,工具,2994918.57142857,2018-08-05
赚钱天气,工具,2996454.28571429,2018-08-05
国金期货,理财,28805112.8571429,2018-08-05
多乐铃声,系统,2971524.28571429,2018-08-05
最强手电,工具,3063402.85714286,2018-08-05
七彩,系统,2971611.42857143,2018-08-05
大象笔记-笔记本,办公商务,3003434.28571429,2018-08-05
犀牛日记-日记本,办公商务,3002688.57142857,2018-08-05
美记,理财,2814441.42857143,2018-08-05
贝多铃声,音乐,2972490.0,2018-08-05
喵喵计算器,工具,2996241.42857143,2018-08-05
美厨美食,生活服务,3047044.28571429,2018-08-05
外婆菜谱,生活服务,2967791.42857143,2018-08-05
快扫二维码生成,工具,2997720.0,2018-08-05
天气王-天气预报,工具,2998371.42857143,2018-08-05
蔚蓝小说,阅读,3008548.57142857,2018-08-05
我的世界-中国正版,游戏,1847070.0,2018-08-05
小卡贷借款,理财,20685852.8571429,2018-08-05
小说,阅读,3063171.42857143,2018-08-05
天气,工具,3020668.57142857,2018-08-05
免费小说,阅读,2996160.0,2018-08-05
指尖外汇期货,工具,2959548.57142857,2018-08-05
期货交易,理财,5798987.14285714,2018-08-05
黄金期货通,理财,3529714.28571429,2018-08-05
白银期货通,理财,7077012.85714286,2018-08-05
阅读器,阅读,2992141.42857143,2018-08-05
电子书,阅读,3603181.42857143,2018-08-05
有声小说,阅读,2895020.0,2018-08-05
小说阅读器,阅读,2989964.28571429,2018-08-05
看书,阅读,2990772.85714286,2018-08-05
驾考大师,教育学习,5774777.14285714,2018-08-05
免费阅读器,阅读,2990841.42857143,2018-08-05
小说阅读大全,阅读,2857022.85714286,2018-08-05
看书,阅读,2855417.14285714,2018-08-05
读书,阅读,5979091.42857143,2018-08-05
免费小说阅读器,阅读,2991318.57142857,2018-08-05
乐米小说阅读,阅读,2989911.42857143,2018-08-05
小说快读,阅读,2509808.57142857,2018-08-05
东古耽美小说,阅读,2485298.57142857,2018-08-05
书迷言情小说,阅读,2988920.0,2018-08-05
星读小说神器,阅读,2988704.28571429,2018-08-05
省钱商城,购物,5677105.71428571,2018-08-05
天天热门小说,阅读,2989882.85714286,2018-08-05
酷听书,阅读,2982607.14285714,2018-08-05
熊掌阅读,阅读,2880720.0,2018-08-05
清风武侠小说,阅读,2892222.85714286,2018-08-05
世界杯足球宝,阅读,3006200.0,2018-08-05
千年小说阅读器,阅读,2991417.14285714,2018-08-05
云轻小说,阅读,2989035.71428571,2018-08-05
卓越书城,阅读,2887348.57142857,2018-08-05
欢乐爱答题,教育学习,1971041.42857143,2018-08-05
东证期货-期货交易,理财,33904035.7142857,2018-08-05
星读小说神器,阅读,14078368.5714286,2018-08-05
趣米小说,阅读,3078864.28571429,2018-08-05
快点看书,阅读,6115251.42857143,2018-08-05
书迷言情小说,阅读,5772000.0,2018-08-05
夜站直播,社交,2958758.57142857,2018-08-05
期货交易宝,理财,2383510.0,2018-08-05
期货投资宝,理财,2458850.0,2018-08-05
云轻小说,阅读,2896125.71428571,2018-08-05
酷狗音乐,视频,2146531.42857143,2018-08-05
微信,社交,8173714.28571429,2018-08-05
百度,系统,2572935.71428571,2018-08-05
咪咕阅读,阅读,2825978.57142857,2018-08-05
百度地图,出行,1973835.71428571,2018-08-05
360手机卫士-一键连免费wifi,系统,31623834.2857143,2018-08-05
QQ,社交,2350288.57142857,2018-08-05
宜搜小说,阅读,1864265.71428571,2018-08-05
WiFi万能钥匙,系统,4218974.28571429,2018-08-05
360浏览器,系统,3154905.71428571,2018-08-05
安居客,便捷生活,2552645.71428571,2018-08-05
高德地图,出行,2416047.85714286,2018-09-02
今日头条,视频,2257330.71428571,2018-09-02
猎聘同道,便捷生活,2224387.5,2018-09-02
平安普惠,理财,47931897.8571429,2018-09-02
支付宝,理财,3399902.14285714,2018-09-02
咪咕音乐,视频,4318551.42857143,2018-09-02
腾讯视频,视频,2034388.92857143,2018-09-02
买车宝典,便捷生活,2131890.0,2018-09-02
捞月狗,社交,2745833.57142857,2018-09-02
驾考宝典,教育学习,2926845.0,2018-09-02
宝宝起名,工具,2698483.92857143,2018-09-02
爱奇艺,视频,2764940.35714286,2018-09-02
拼多多,理财,2987293.92857143,2018-09-02
看山东,阅读,2892193.92857143,2018-09-02
EYEE,阅读,2660990.35714286,2018-09-02
贝乐虎儿歌,育儿母婴,2311227.85714286,2018-09-02
头条视频,视频,2252080.71428571,2018-09-02
A.me,摄影,4264178.57142857,2018-09-02
快手,视频,2112241.07142857,2018-09-02
手机淘宝,育儿母婴,3444604.28571429,2018-09-02
优酷,视频,2201298.21428571,2018-09-02
天气,工具,6007376.78571429,2018-09-02
美人天气预报,工具,6009968.57142857,2018-09-02
华夏万年历-日历农历,工具,3052425.0,2018-09-02
云犀日历农历万年历,工具,3051777.85714286,2018-09-02
日历,工具,3052924.28571429,2018-09-02
日历,工具,2968598.57142857,2018-09-02
赚钱天气,工具,2968381.07142857,2018-09-02
搜狐新闻(资讯版),阅读,2185607.14285714,2018-09-02
友邦外汇,理财,2096516.78571429,2018-09-02
国金期货,理财,29004447.8571429,2018-09-02
极速钱包,理财,2490529.28571429,2018-09-02
多乐铃声,系统,3027638.57142857,2018-09-02
最强手电,工具,3196560.0,2018-09-02
七彩,系统,3033207.85714286,2018-09-02
大象笔记-笔记本,办公商务,3047335.71428571,2018-09-02
犀牛日记-日记本,办公商务,3045963.21428571,2018-09-02
贝多铃声,音乐,3032734.28571429,2018-09-02
喵喵计算器,工具,3048669.64285714,2018-09-02
外婆菜谱,生活服务,3060334.28571429,2018-09-02
消汇邦,购物,2033790.0,2018-09-02
快扫二维码生成,工具,3048550.71428571,2018-09-02
天气王-天气预报,工具,3045411.42857143,2018-09-02
蔚蓝小说,阅读,3063403.92857143,2018-09-02
小卡贷借款,理财,17401323.2142857,2018-09-02
小说,阅读,3116994.64285714,2018-09-02
天气,工具,3070621.07142857,2018-09-02
免费小说,阅读,3051172.5,2018-09-02
中鸿贷,理财,2803471.07142857,2018-09-02
阅读器,阅读,3047490.0,2018-09-02
电子书,阅读,3644178.21428571,2018-09-02
有声小说,阅读,2956515.0,2018-09-02
小说阅读器,阅读,3051639.64285714,2018-09-02
看书,阅读,3052298.57142857,2018-09-02
132彩票,理财,4501033.92857143,2018-09-02
驾考大师,教育学习,2244497.14285714,2018-09-02
免费阅读器,阅读,3052867.5,2018-09-02
小说阅读大全,阅读,2915665.71428571,2018-09-02
看书,阅读,2909593.92857143,2018-09-02
读书,阅读,6101139.64285714,2018-09-02
免费小说阅读器,阅读,3054403.92857143,2018-09-02
乐米小说阅读,阅读,3050746.07142857,2018-09-02
小说快读,阅读,2959438.92857143,2018-09-02
期货王,工具,2083340.35714286,2018-09-02
书迷言情小说,阅读,3051835.71428571,2018-09-02
普罗汇,理财,12070710.0,2018-09-02
星读小说神器,阅读,3050645.35714286,2018-09-02
省钱商城,购物,11417310.0,2018-09-02
天天热门小说,阅读,3044283.21428571,2018-09-02
强光手电,工具,4429786.07142857,2018-09-02
天气宝,工具,14445383.5714286,2018-09-02
清风武侠小说,阅读,2953601.78571429,2018-09-02
千年小说阅读器,阅读,3052653.21428571,2018-09-02
卓越书城,阅读,2953685.35714286,2018-09-02
极简记账,理财,2916904.28571429,2018-09-02
东证期货-期货交易,理财,35686583.5714286,2018-09-02
星读小说神器,阅读,41955995.3571429,2018-09-02
趣米小说,阅读,18738514.2857143,2018-09-02
书迷言情小说,阅读,15719976.4285714,2018-09-02
快乐十分,视频,2641430.35714286,2018-09-02
迅捷PDF转换器,办公商务,2694829.28571429,2018-09-02
云轻小说,阅读,3301778.57142857,2018-09-02
起名算命,工具,9916443.21428571,2018-09-02
合彩彩票,理财,2359281.42857143,2018-09-02
星脉有声小说,阅读,3089563.92857143,2018-09-02
听书,阅读,14614789.2857143,2018-09-02
千年小说阅读器,阅读,14774681.7857143,2018-09-02
八字排盘命理测算,工具,2801765.35714286,2018-09-02
锦益彩妆世界,生活服务,2336837.14285714,2018-09-02
照片恢复精灵软件,系统,2024872.5,2018-09-02
车邦贷理财,理财,2158300.71428571,2018-09-02
酷狗音乐,视频,2120269.28571429,2018-09-02
微信,社交,5898975.0,2018-09-02
百度,系统,2365392.85714286,2018-09-02
咪咕阅读,阅读,3450316.07142857,2018-09-02
掌证宝天珑版,理财,31614220.7142857,2018-09-02
360手机卫士-一键连免费wifi,系统,35119389.6428571,2018-09-02
WiFi万能钥匙,系统,4008398.57142857,2018-09-02
360浏览器,系统,2176092.85714286,2018-09-02
安居客,便捷生活,3434127.85714286,2018-09-02
平安普惠,理财,44733668.5714286,2018-10-14
支付宝,理财,2898660.0,2018-10-14
咪咕音乐,视频,3734340.0,2018-10-14
驾考宝典,教育学习,4673395.71428571,2018-10-14
爱奇艺,视频,2890208.57142857,2018-10-14
微店热卖,工具,3271547.14285714,2018-10-14
兼职咸鱼-学生赚钱,便捷生活,3275091.42857143,2018-10-14
拼多多,理财,3265041.42857143,2018-10-14
糯米狗-兼职赚钱,便捷生活,3318424.28571429,2018-10-14
Android Wheel Widget,便捷生活,6905820.0,2018-10-14
A.me,摄影,3646585.71428571,2018-10-14
快手,视频,3113910.0,2018-10-14
手机淘宝,育儿母婴,3581417.14285714,2018-10-14
微网浏览器,系统,4303500.0,2018-10-14
美人天气预报,工具,2981400.0,2018-10-14
每日赚点,生活服务,3062468.57142857,2018-10-14
华夏万年历-日历农历,工具,2897875.71428571,2018-10-14
云犀日历农历万年历,工具,2903897.14285714,2018-10-14
日历,工具,3256774.28571429,2018-10-14
国金期货,理财,14102408.5714286,2018-10-14
最强手电,工具,6382748.57142857,2018-10-14
贝多铃声,音乐,3076714.28571429,2018-10-14
喵喵计算器,工具,3090604.28571429,2018-10-14
极速二维码,工具,5286334.28571429,2018-10-14
快扫二维码生成,工具,3078715.71428571,2018-10-14
天气王-天气预报,工具,2979098.57142857,2018-10-14
天气,工具,2910132.85714286,2018-10-14
商标注册查询,办公商务,6903634.28571429,2018-10-14
阅读器,阅读,3015180.0,2018-10-14
电子书,阅读,2961312.85714286,2018-10-14
有声小说,阅读,2930357.14285714,2018-10-14
看书,阅读,3014507.14285714,2018-10-14
驾考大师,教育学习,3284802.85714286,2018-10-14
免费阅读器,阅读,3012368.57142857,2018-10-14
看书,阅读,2894828.57142857,2018-10-14
读书,阅读,5488568.57142857,2018-10-14
免费小说阅读器,阅读,3016444.28571429,2018-10-14
小说快读,阅读,3321604.28571429,2018-10-14
东古耽美小说,阅读,2913565.71428571,2018-10-14
手机彩票,理财,3232311.42857143,2018-10-14
期货王,工具,3107434.28571429,2018-10-14
天天热门小说,阅读,3011614.28571429,2018-10-14
强光手电,工具,2853407.14285714,2018-10-14
酷听书,阅读,2907861.42857143,2018-10-14
清风武侠小说,阅读,2931372.85714286,2018-10-14
云轻小说,阅读,3187714.28571429,2018-10-14
卓越书城,阅读,2926482.85714286,2018-10-14
期货王者,理财,2873215.71428571,2018-10-14
招财期货,理财,3235924.28571429,2018-10-14
极简记账,理财,3644665.71428571,2018-10-14
东证期货-期货交易,理财,4686094.28571429,2018-10-14
期货操盘手,理财,3228192.85714286,2018-10-14
星读小说神器,阅读,6434280.0,2018-10-14
趣米小说,阅读,6448144.28571429,2018-10-14
黄金大亨,理财,3220624.28571429,2018-10-14
书迷言情小说,阅读,5340317.14285714,2018-10-14
云轻小说,阅读,6631842.85714286,2018-10-14
起名算命,工具,6279900.0,2018-10-14
合彩彩票,理财,7055142.85714286,2018-10-14
星脉有声小说,阅读,2934462.85714286,2018-10-14
期货博弈,理财,2910222.85714286,2018-10-14
千亿期货,理财,3260082.85714286,2018-10-14
现货宝,理财,10233694.2857143,2018-10-14
听书,阅读,5338650.0,2018-10-14
千年小说阅读器,阅读,5852674.28571429,2018-10-14
点阅看书软件,阅读,2906112.85714286,2018-10-14
韭黄头条,阅读,3002554.28571429,2018-10-14
手电筒,工具,3266421.42857143,2018-10-14
二维码生成器扫描,工具,2898767.14285714,2018-10-14
美食,生活服务,2918177.14285714,2018-10-14
天天中彩票,理财,7347042.85714286,2018-10-14
快阅电子书,阅读,2918155.71428571,2018-10-14
东古图书,阅读,2917461.42857143,2018-10-14
烹饪,生活服务,7910027.14285714,2018-10-14
扫码,工具,8935422.85714286,2018-10-14
东方农历,工具,8735250.0,2018-10-14
搜书神器,阅读,7952717.14285714,2018-10-14
天天中彩票,理财,13981962.8571429,2018-10-14
计算器+,工具,3188820.0,2018-10-14
姨妈日历,运动健康,2872110.0,2018-10-14
知鸟阅读,阅读,8724518.57142857,2018-10-14
石头记账,理财,3206622.85714286,2018-10-14
来电秀,工具,2896092.85714286,2018-10-14
小鸟便签,办公商务,3290558.57142857,2018-10-14
二维码扫描,工具,3143798.57142857,2018-10-14
DS文件管理器,办公商务,3273402.85714286,2018-10-14
神奇条码,工具,3141985.71428571,2018-10-14
驾考通,教育学习,2819952.85714286,2018-10-14
电话录音宝,社交,2860804.28571429,2018-10-14
驾考无忧,教育学习,2902105.71428571,2018-10-14
手电王,工具,3005237.14285714,2018-10-14
HG1717体育娱乐,理财,4375080.0,2018-10-14
11选5,理财,5047191.42857143,2018-10-14
凤凰彩票,理财,7899012.85714286,2018-10-14
V观,阅读,14187407.1428571,2018-10-14
微信,社交,4016674.28571429,2018-10-14
咪咕阅读,阅读,4029630.0,2018-10-14
掌证宝天珑版,理财,13588722.8571429,2018-10-14
360手机卫士-一键连免费wifi,系统,45132402.8571429,2018-10-14
WiFi万能钥匙,系统,4310837.14285714,2018-10-14
银联钱包,理财,705767.142857143,2018-11-04
猎聘同道,便捷生活,713361.428571429,2018-11-04
微贷网,理财,756608.571428571,2018-11-04
平安普惠,理财,8845954.28571429,2018-11-04
咪咕音乐,视频,1337644.28571429,2018-11-04
买车宝典,便捷生活,936381.428571429,2018-11-04
申万宏源简洁,理财,878181.428571429,2018-11-04
驾考宝典,教育学习,3762527.14285714,2018-11-04
金蛋理财,理财,726248.571428571,2018-11-04
爱奇艺,视频,719185.714285714,2018-11-04
王者荣耀,游戏,798955.714285714,2018-11-04
兼职咸鱼-学生赚钱,便捷生活,935678.571428571,2018-11-04
拼多多,理财,1241507.14285714,2018-11-04
顺风车,出行,863027.142857143,2018-11-04
EYEE,阅读,1061331.42857143,2018-11-04
还呗,理财,726694.285714286,2018-11-04
A.me,摄影,1784541.42857143,2018-11-04
快手,视频,1221068.57142857,2018-11-04
手机淘宝,育儿母婴,1399294.28571429,2018-11-04
搞笑斗图大师,社交,654497.142857143,2018-11-04
华夏万年历-日历农历,工具,621771.428571429,2018-11-04
云犀日历农历万年历,工具,617215.714285714,2018-11-04
国金期货,理财,3076110.0,2018-11-04
最强手电,工具,1892640.0,2018-11-04
犀牛日记-日记本,办公商务,644700.0,2018-11-04
天气,工具,623618.571428571,2018-11-04
绝地求生：刺激战场,游戏,628187.142857143,2018-11-04
驾考大师,教育学习,841315.714285714,2018-11-04
读书,阅读,1177144.28571429,2018-11-04
免费小说阅读器,阅读,619114.285714286,2018-11-04
东古耽美小说,阅读,622812.857142857,2018-11-04
东证期货-期货交易,理财,2737868.57142857,2018-11-04
星读小说神器,阅读,1212741.42857143,2018-11-04
趣米小说,阅读,1212385.71428571,2018-11-04
云轻小说,阅读,1206707.14285714,2018-11-04
起名取名算命,工具,1933482.85714286,2018-11-04
现货宝,理财,2850557.14285714,2018-11-04
听书,阅读,1109142.85714286,2018-11-04
千年小说阅读器,阅读,1167248.57142857,2018-11-04
八字排盘命理测算,工具,1445494.28571429,2018-11-04
二维码生成器扫描,工具,620078.571428571,2018-11-04
大宗商品现货商城投资交易软件,理财,874654.285714286,2018-11-04
文件,办公商务,657895.714285714,2018-11-04
美食,生活服务,618385.714285714,2018-11-04
天天中彩票,理财,4681165.71428571,2018-11-04
易经算命风水专家,工具,916551.428571429,2018-11-04
计算器+,工具,652765.714285714,2018-11-04
姨妈日历,运动健康,651711.428571429,2018-11-04
周公解梦专业版,工具,1440818.57142857,2018-11-04
知鸟阅读,阅读,1706241.42857143,2018-11-04
小鸟便签,办公商务,630870.0,2018-11-04
快记备忘录,办公商务,640384.285714286,2018-11-04
二维码扫描,工具,1234791.42857143,2018-11-04
DS文件管理器,办公商务,617554.285714286,2018-11-04
蚂蚁赚钱-手机兼职,育儿母婴,797640.0,2018-11-04
神奇条码,工具,617207.142857143,2018-11-04
驾考通,教育学习,617537.142857143,2018-11-04
FC文件全能王,办公商务,622101.428571429,2018-11-04
手电王,工具,670242.857142857,2018-11-04
遥控器,生活服务,638824.285714286,2018-11-04
录音,工具,1348405.71428571,2018-11-04
FS文件浏览器,办公商务,814984.285714286,2018-11-04
微微网赚,生活服务,1498337.14285714,2018-11-04
全能遥控器,生活服务,1415944.28571429,2018-11-04
文件管理专家,办公商务,813180.0,2018-11-04
口袋录音机,办公商务,649555.714285714,2018-11-04
汇返利,生活服务,1495020.0,2018-11-04
快赢操盘,理财,934290.0,2018-11-04
多多返利,生活服务,1494085.71428571,2018-11-04
免费小说阅读大全,阅读,663300.0,2018-11-04
都市小说大全,阅读,1255465.71428571,2018-11-04
语音备忘录,工具,811277.142857143,2018-11-04
通话录音,办公商务,812652.857142857,2018-11-04
学车考驾照,教育学习,1230128.57142857,2018-11-04
TXT离线小说阅读器,阅读,629931.428571429,2018-11-04
帝王阅读神器,阅读,627261.428571429,2018-11-04
脉脉精英版,社交,779108.571428571,2018-11-04
懒猫笔记本,办公商务,620550.0,2018-11-04
怀孕助手,育儿母婴,644982.857142857,2018-11-04
菜谱大全,生活服务,744467.142857143,2018-11-04
快宜搜书,阅读,889165.714285714,2018-11-04
猎云浏览器,系统,790718.571428571,2018-11-04
快读书城,阅读,932361.428571429,2018-11-04
指南针,工具,1537080.0,2018-11-04
风水指南针,工具,766997.142857143,2018-11-04
麒麟阅读,阅读,672634.285714286,2018-11-04
248彩票,理财,5150104.28571429,2018-11-04
天天娱乐,阅读,1731934.28571429,2018-11-04
288彩票,理财,21865752.8571429,2018-11-04
五福彩票,理财,5619145.71428571,2018-11-04
合彩彩票,理财,4980432.85714286,2018-11-04
酷狗音乐,视频,626104.285714286,2018-11-04
微信,社交,1211301.42857143,2018-11-04
百度,系统,658157.142857143,2018-11-04
咪咕阅读,阅读,1068432.85714286,2018-11-04
掌证宝天珑版,理财,3069355.71428571,2018-11-04
360手机卫士-一键连免费wifi,系统,8323002.85714286,2018-11-04
WiFi万能钥匙,系统,1025074.28571429,2018-11-04
360浏览器,系统,1335154.28571429,2018-11-04
安居客,便捷生活,1253815.71428571,2018-11-04
